time,lat,lon,depth,Station,Cast,RosPos,SiO4,NO3_NO2,NO2,TDN,DON,PO4,TDP,DOP,NH4
2023-01-23T23:37:00.000Z,15.976,-140.005,200,2,7,1,15.946834389637901,16.430248693677356,0.005999812767974561,19.737414028824922,3.304190088216632,1.252467664285117,1.3369771169970912,0.0845094527119743,0.002975246930934113
2023-01-23T23:37:00.000Z,19.332,-138.712,10,2,7,24,1.3483014357540346,0.02563431503980817,0.00021601486113319746,5.901265954768033,5.868718565976938,0.20750133165916707,0.44194742296929423,0.23444609131012717,0.006913073751288089
2023-01-23T23:37:00.000Z,19.332,-138.712,25,2,7,23,1.2152135338041568,0.0034617068423107686,0.0008100557292494905,5.464073908249096,5.459299592466667,0.1819169798551018,0.40780644694973733,0.22588946709463553,0.0013126089401179917
2023-01-23T23:37:00.000Z,19.332,-138.712,50,2,7,22,1.2074702376907094,0.00662420866315311,0.000588640496587963,5.111674916673595,5.1026005046555545,0.17317517399949864,0.3748732190033486,0.20169804500384994,0.0024502033548869182
2023-01-23T23:37:00.000Z,19.332,-138.712,55,2,7,21,1.2098900177261616,0.0590306757598949,0.0016741151737822806,4.9942873169329625,4.935256641173067,0.17265066564816245,0.3762871679670575,0.20363650231889507,0
2023-01-23T23:37:00.000Z,19.332,-138.712,60,2,7,20,1.2108579297403426,0.0073660916037974,0.0004104282361530753,5.290708720704581,5.278879758704382,0.17107714059415388,0.3781724332520029,0.207095292657849,0.004462870396401173
2023-01-23T23:37:00.000Z,19.332,-138.712,65,2,7,19,1.2118258417545236,0.0029240672338418133,0.0005670390104746434,5.08663852719169,5.082664372805754,0.16941619748158926,0.3727817528278623,0.20336555534627304,0.0010500871520943945
2023-01-23T23:37:00.000Z,19.332,-138.712,70,2,7,18,1.2408632021799515,0.005407780123943303,0.002408565701635152,5.048847750615229,5.041339796187097,0.1647539010252676,0.3589662931616223,0.19421239213635472,0.002100174304188785
2023-01-23T23:37:00.000Z,19.332,-138.712,75,2,7,17,1.311036823208069,0.004231115215037579,0.0045525131983821365,4.895086528419752,4.887530137223082,0.15391406176431965,0.3392299222098508,0.18531586044553117,0.0033252759816322463
2023-01-23T23:37:00.000Z,19.332,-138.712,80,2,7,16,1.3754029721511007,0.012647757305345814,0.0009720668750993887,4.914218109061585,4.901570351756239,0.14668750225702104,0.31336643908200706,0.16667893682498602,0
2023-01-23T23:37:00.000Z,19.332,-138.712,85,2,7,15,1.3957291244489003,0.0036481185729536542,0.0021061448960486753,4.648405538703061,4.644757420130108,0.14855242083954973,0.3127478364103844,0.16419541557083467,0
2023-01-23T23:37:00.000Z,19.332,-138.712,90,2,7,14,1.4281541769239612,0.0010731133502423415,0.001112476534835967,4.557331462767628,4.551357942707613,0.15102926583197063,0.31486875985594787,0.16383949402397724,0.004900406709773834
2023-01-23T23:37:00.000Z,19.332,-138.712,95,2,7,13,1.5588222988383866,0.01731196174816916,0.004379701309475579,4.549064730391528,4.531752768643359,0.1794401348626809,0.3344283871872557,0.1549882523245748,0
2023-01-23T23:37:00.000Z,19.332,-138.712,100,2,7,12,1.6057660315261617,0.0923137385211882,0.04645939625822244,4.759089667144341,4.662925609065473,0.18733689948557575,0.33964232399093264,0.1523054245053569,0.0038503195576794448
2023-01-23T23:37:00.000Z,19.332,-138.712,105,2,7,11,1.641578776050856,0.2223904838637557,0.10294728244455359,4.814308743487565,4.587017852914036,0.19068792506355697,0.33728574238475095,0.14659781732119398,0.0049004067097738364
2023-01-23T23:37:00.000Z,19.332,-138.712,110,2,7,10,1.6914262447811739,0.38045452026992005,0.1390109635107409,4.802971510514627,4.416041452806792,0.19727341880811133,0.34300045277974156,0.14572703397163023,0.006475537437915428
2023-01-23T23:37:00.000Z,19.332,-138.712,115,2,7,9,1.2098900177261618,0.35932999043733016,0.13340537786433443,4.687551524887565,4.322358547851041,0.12454159408949304,0.23371398079306677,0.10917238670357372,0.005862986599193696
2023-01-23T23:37:00.000Z,19.332,-138.712,120,2,7,8,1.6890064647457217,0.6363147719551709,0.08123238852913892,5.040108633531922,4.3946931062586,0.17903218392275277,0.31422069991424795,0.13518851599149517,0.009100755318151407
2023-01-23T23:37:00.000Z,19.332,-138.712,125,2,7,7,1.7272389893058684,0.7398931398147152,0.05568863120013831,4.928862034984964,4.188706373382225,0.1803434548010932,0.30638506607369387,0.12604161127260066,0.000262521788023599
2023-01-23T23:37:00.000Z,19.332,-138.712,130,2,7,6,1.876781395496822,1.0637492819413095,0.03209440799286482,5.1830050074616665,4.114355318810584,0.21627227686762224,0.34845004774403665,0.1321777708764144,0.004900406709773834
2023-01-23T23:37:00.000Z,19.332,-138.712,135,2,7,5,2.190384888091443,1.6642591859944158,0.024172062960804798,5.663184062336327,3.9936744405814397,0.2673535624171967,0.3898964267427567,0.12254286432556,0.005250435760471967
2023-01-23T23:37:00.000Z,19.332,-138.712,140,2,7,4,2.7566134163872866,2.7619786143459137,0.020386402519445512,6.7047923417250415,3.940888567600288,0.34739936470166966,0.46041713130774303,0.11301776660607338,0.0019251597788397222
2023-01-23T23:37:00.000Z,19.332,-138.712,145,2,7,3,3.311227000512959,3.6524301117363915,0.015823088578006714,7.602323285415997,3.947005434011346,0.4068145051669192,0.5153254827317759,0.10851097756485673,0.0028877396682595825
2023-01-23T23:37:00.000Z,19.332,-138.712,150,2,7,2,4.0536155153897315,4.731579934685266,0.013176906529125048,8.522292502699226,3.787212277506979,0.47220321296683077,0.5837841783913533,0.11158096542452256,0.003500290506981311
2023-01-24T13:03:00.000Z,19.331,-138.714,200,1,1,1,17.042136273224823,17.501264229474188,,,,1.3165582135401497,,,
2023-01-24T13:03:00.000Z,28.261,-124.725,5,1,1,20,1.234044451649719,0.003,,,,0.22552274685797769,,,
2023-01-24T13:03:00.000Z,28.261,-124.725,15,1,1,18,1.2234820169708343,0.0024,,,,0.22765575852304548,,,
2023-01-24T13:03:00.000Z,28.261,-124.725,25,1,1,16,1.2410860747689756,0.0033,,,,0.2314894146237754,,,
2023-01-24T13:03:00.000Z,28.261,-124.725,45,1,1,14,1.2407339936130128,0.00356,,,,0.22641630579874933,,,
2023-01-24T13:03:00.000Z,28.261,-124.725,75,1,1,12,1.2375652632093475,0.00366,,,,0.22607041201522482,,,
2023-01-24T13:03:00.000Z,28.261,-124.725,85,1,1,10,1.2502401848240092,0.00477,,,,0.22289971899958352,,,
2023-01-24T13:03:00.000Z,28.261,-124.725,100,1,1,8,1.538594651557567,0.00335,,,,0.20278023059124145,,,
2023-01-28T03:42:00.000Z,19.331,-138.714,5,2,2,24,1.3274968492661985,0.004604148954643307,,,,0.2071217501745713,,,0.012571669817998838
2023-01-28T03:42:00.000Z,19.331,-138.714,15,2,2,23,1.3216423978912648,0.007966877791749783,,,,0.20380314447957462,,,0.016594604159758462
2023-01-28T03:42:00.000Z,19.331,-138.714,25,2,2,21,1.210407821767526,0.001482987851504735,,,,0.18319285647906913,,,0.010775716986856143
2023-01-28T03:42:00.000Z,19.331,-138.714,45,2,2,19,1.178208339205391,0.00317164892776052,,,,0.17623542875008497,,,0.005172344153690949
2023-01-28T03:42:00.000Z,19.331,-138.714,75,2,2,17,1.1947959514343696,0.0035360402284159687,,,,0.1573717753258935,,,0.004166610568251041
2023-01-28T03:42:00.000Z,19.331,-138.714,85,2,2,15,1.3284725911620208,0.004709161947630399,,,,0.12156576651145604,,,0.01918077623660394
2023-01-28T03:42:00.000Z,19.331,-138.714,100,2,2,13,1.3221302688391758,0.003191930271720482,,,,0.12564124718952208,,,0.005675210946410902
2023-01-28T03:42:00.000Z,19.331,-138.714,150,2,2,9,3.41704811916959,3.9522243214044765,,,,0.40696585628116744,,,0.009841821514661946
2023-01-28T03:42:00.000Z,19.331,-138.714,175,2,2,6,6.660414180882816,7.976791862564912,,,,0.6953061142543409,,,0.011278583779576095
2023-01-28T03:42:00.000Z,19.332,-138.712,200,2,2,3,11.376662634339759,12.591051833183457,,,,0.9785811319562034,,,0.01709747095247842
2023-01-30T14:13:00.000Z,12.361,-140.003,200,3,1,1,24.855169205195985,21.941690145414164,,,,1.748089532968931,,,
2023-01-30T14:13:00.000Z,15.976,-140.005,5,3,1,16,1.5561987093557086,0.005,,,,0.19384464118352504,,,
2023-01-30T14:13:00.000Z,15.976,-140.005,15,3,1,14,1.5396508950254555,0.0064,,,,0.2044808750269036,,,
2023-01-30T14:13:00.000Z,15.976,-140.005,25,3,1,12,1.551269573172229,0.0078,,,,0.20033014962460952,,,
2023-01-30T14:13:00.000Z,15.976,-140.005,45,3,1,10,1.2534089152276748,0.0027,,,,0.16605784057372308,,,
2023-01-30T14:13:00.000Z,15.976,-140.005,75,3,1,8,1.3984663514843607,0,,,,0.11526910335954152,,,
2023-01-30T14:13:00.000Z,15.976,-140.005,85,3,1,7,1.4273370062733128,0.0037,,,,0.12034221218456759,,,
2023-01-30T14:13:00.000Z,15.976,-140.005,100,3,1,5,1.5938713930437314,0.36076176739064936,,,,0.14614012353910366,,,
2023-01-31T14:08:00.000Z,9.416,-139.983,200,4,1,1,30.34270610203265,34.10992544883911,,,,2.4711516629449495,,,
2023-01-31T14:08:00.000Z,12.361,-140.003,5,4,1,24,,,,,,,,,
2023-01-31T14:08:00.000Z,12.361,-140.003,15,4,1,19,2.3684499361619573,0.981630775911021,,,,0.27374610517768583,,,
2023-01-31T14:08:00.000Z,12.361,-140.003,25,4,1,16,2.3054274092446105,0.8361301735932453,,,,0.25227186611720614,,,
2023-01-31T14:08:00.000Z,12.361,-140.003,45,4,1,13,3.477505577444872,2.549250278964865,,,,0.4138330875051106,,,
2023-01-31T14:08:00.000Z,12.361,-140.003,75,4,1,10,25.477648688938267,28.81277338363533,,,,2.429010270318881,,,
2023-01-31T14:08:00.000Z,12.361,-140.003,85,4,1,8,26.22687738882717,32.03072848558121,,,,2.4634843507434896,,,
2023-01-31T14:08:00.000Z,12.361,-140.003,90,4,1,5,25.619185313635324,33.0469073497138,,,,2.409841989815231,,,
2023-02-01T23:05:00.000Z,9.416,-139.983,5,5,4,24,1.4788037840336021,0.24969500065426153,0.011093964205884136,5.360442831797763,5.059898063500061,0.2087522318652869,0.41484186825346636,0.20608963638817945,0.050849767643440916
2023-02-01T23:05:00.000Z,9.416,-139.983,10,5,4,23,1.4826966534881163,0.2536948417886917,0.011224044188197686,5.366213094417924,5.05255470753546,0.2172423645658877,0.4315885885823931,0.21434622401650538,0.05996354509377286
2023-02-01T23:05:00.000Z,9.416,-139.983,15,5,4,22,1.473451088533645,0.2512031374754401,0.011651449844370776,5.4302105525688065,5.122791591567954,0.21012349041143208,0.4240246041807513,0.2139011137693192,0.05621582352541205
2023-02-01T23:05:00.000Z,9.416,-139.983,20,5,4,21,1.4788037840336021,0.25074413931247275,0.012580592575181841,5.426538567265068,5.118726849525283,0.19775298778237804,0.4094264086040419,0.21167342082166385,0.05706757842731224
2023-02-01T23:05:00.000Z,9.416,-139.983,25,5,4,20,1.4763707406245308,0.24943271598970873,0.011242627042813907,5.48981474258843,5.18978778542585,0.19734452778990927,0.40598288263131,0.20863835484140072,0.050594241172870855
2023-02-01T23:05:00.000Z,9.416,-139.983,30,5,4,19,1.4729644798518307,0.258415965750642,0.011391289879743676,5.606400275982148,5.299178754352625,0.1964692563774762,0.40930868122035874,0.21283942484288254,0.04880555587888047
2023-02-01T23:05:00.000Z,9.416,-139.983,35,5,4,18,1.4763707406245308,0.2580225387538128,0.011261209897430128,5.368245800568209,5.063972970641216,0.19775298778237804,0.4030396980392315,0.20528671025685347,0.04625029117317992
2023-02-01T23:05:00.000Z,9.416,-139.983,40,5,4,17,1.4953484792152876,0.27998887941010947,0.012041689791311424,5.401949379963243,5.0670223093805715,0.20242110198202107,0.4107214098245564,0.20830030784253534,0.05493819117256178
2023-02-01T23:05:00.000Z,9.416,-139.983,45,5,4,16,1.785853862258414,0.662858918491053,0.015386603622231263,5.919502594292047,5.14361580031884,0.2444049540650606,0.4534270182556156,0.209022064190555,0.11302787548215423
2023-02-01T23:05:00.000Z,9.416,-139.983,50,5,4,15,6.006210959633679,6.54087413885618,0.06202956870894681,12.10083133088979,5.005031271765548,0.7131925381757138,0.9128985433097865,0.19970600513407266,0.5549259202680614
2023-02-01T23:05:00.000Z,9.416,-139.983,55,5,4,14,13.16860414725809,16.702240861156948,0.15905065266023838,21.565894563039457,4.497859836836895,1.4499746218366218,1.6002094627130872,0.15023484087646533,0.36579386504561345
2023-02-01T23:05:00.000Z,9.416,-139.983,60,5,4,13,18.945622417757242,22.677695624552086,0.32226386475451035,26.87978961945576,3.7386165408970156,2.003846371624268,2.1443748619424836,0.14052849031821557,0.46347745400665796
2023-02-01T23:05:00.000Z,9.416,-139.983,65,5,4,12,22.588861618500772,26.341974893638437,0.4015569054019268,30.997641838722565,3.8783549818622,2.3516500552114215,2.4789855182158895,0.12733546300446807,0.7773119632219286
2023-02-01T23:05:00.000Z,9.416,-139.983,70,5,4,11,23.57083793840199,27.00496242732298,0.39815624300715824,31.738683898985904,3.9543311342077825,2.4205922667973994,2.5525651330178523,0.1319728662204529,0.7793903374551423
2023-02-01T23:05:00.000Z,9.416,-139.983,75,5,4,10,25.354258757251333,28.83648825902239,0.4052920591797873,33.04567219257937,3.664649884454986,2.5109202765604923,2.650131702245255,0.13921142568476252,0.5445340491019928
2023-02-01T23:05:00.000Z,9.416,-139.983,80,5,4,9,26.886102887602693,31.332229230093873,0.38433059917268964,34.939871373187074,3.4220447499691518,2.535398700394871,2.646541017042919,0.1111423166480483,0.1855973931240498
2023-02-01T23:05:00.000Z,9.416,-139.983,85,5,4,8,27.348867744008075,32.388820992319054,0.35171768932122116,35.97504573482661,3.442959568007943,2.5339399147074824,2.639565669559693,0.10562575485221082,0.14326517449961074
2023-02-01T23:05:00.000Z,9.416,-139.983,90,5,4,7,27.82428442614063,32.63631095464207,0.24785811487116013,36.01692865152744,3.2749149135595537,2.5327728861575713,2.6399777154025843,0.10720482924501296,0.10570278332581266
2023-02-01T23:05:00.000Z,9.416,-139.983,95,5,4,6,27.925499031957997,32.86381134308515,0.22016966149299036,36.1987385853878,3.25060350701453,2.538112041773413,2.6407135115506035,0.10260146977719042,0.08432373528811808
2023-02-01T23:05:00.000Z,9.416,-139.983,100,5,4,5,28.439357799953882,33.63959718652076,0.1634176234950504,36.796997975080174,3.1499905209128825,2.5397167060295405,2.635445211130783,0.09572850510124242,0.00741026764653159
2023-02-01T23:05:00.000Z,9.416,-139.983,115,5,4,4,29.04080613067633,34.196925543982786,0.022299425539465602,37.303400513371884,3.1019606684090264,2.505522769517155,2.5911797148659224,0.08565694534876744,0.0045143009800709686
2023-02-01T23:05:00.000Z,9.416,-139.983,125,5,4,3,29.49043255267273,34.19597365951231,0.0055748563848664005,37.22391816008737,3.0203638819481484,2.5237867663232585,2.6197874691009257,0.09600070277766726,0.007580618626911627
2023-02-01T23:05:00.000Z,9.416,-139.983,150,5,4,2,26.22236864560801,29.028192869313635,0.03986022315179476,32.47544247913211,3.4044915137430887,2.1884702882201497,2.2919755692352206,0.10350528101507095,0.04275809607538917
2023-02-01T23:05:00.000Z,9.417,-139.983,200,5,4,1,32.94389436750868,34.7437831722696,0.004720045072520218,37.76173288590469,3.0084952342239983,2.6115181375627996,2.6930727654436803,0.08155462788088075,0.009454479411092027
2023-02-03T02:34:00.000Z,2.622,-140.002,200,5,10,3,33.13668265307221,34.58243875452441,,,,2.6295583546407624,,,0.0094107928351877
2023-02-03T02:34:00.000Z,9.417,-139.983,5,5,10,24,1.372868847421934,0.1289784837938373,,,,0.17681764027552296,,,0.03261450341355126
2023-02-03T02:34:00.000Z,9.417,-139.983,15,5,10,23,1.3562812351929554,0.1416992900246479,,,,0.1788262700382841,,,0.03175244605460277
2023-02-03T02:34:00.000Z,9.417,-139.983,25,5,10,21,1.3699416217344673,0.11514296773867733,,,,0.17719607776705767,,,0.03347656077249976
2023-02-03T02:34:00.000Z,9.417,-139.983,45,5,10,19,1.5519174853053206,0.37342779115704294,,,,0.20115408203883167,,,0.0469821260626928
2023-02-03T02:34:00.000Z,9.417,-139.983,54,5,10,17,9.875971598565107,11.851913541861064,,,,1.1321976429430218,,,0.025358853975734796
2023-02-03T02:34:00.000Z,9.417,-139.983,75,5,10,15,26.612872337604507,30.134758566238663,,,,2.5403635489436596,,,0.6359828165642497
2023-02-03T02:34:00.000Z,9.417,-139.983,85,5,10,13,27.505188301333973,31.73582824557448,,,,2.538937130706336,,,0.1805291785864633
2023-02-03T02:34:00.000Z,9.417,-139.983,100,5,10,11,28.356523105438903,33.287875874680935,,,,2.545195904604795,,,0.13598954837412458
2023-02-03T02:34:00.000Z,9.417,-139.983,125,5,10,9,29.252254165803745,34.38825432254789,,,,2.5124173957226352,,,0.006537268305359394
2023-02-03T02:34:00.000Z,9.417,-139.983,150,5,10,6,30.39338431296789,34.63288863145948,,,,2.522635207994072,,,0.011637774345804633
2023-02-04T14:08:00.000Z,0,-140,200,7,1,1,22.7561675283769,29.825846169322364,,,,2.054029587422855,,,
2023-02-04T14:08:00.000Z,2.622,-140.002,25,7,1,14,2.349632902467378,2.9303572288022655,,,,0.38055185864070595,,,
2023-02-04T14:08:00.000Z,2.622,-140.002,45,7,1,11,2.3467388203704207,2.97366459272192,,,,0.3809812784766806,,,
2023-02-04T14:08:00.000Z,2.622,-140.002,60,7,1,9,2.537748238769616,3.54150816292216,,,,0.42787392456510887,,,
2023-02-04T14:08:00.000Z,2.622,-140.002,75,7,1,7,3.1165646581611184,5.08279785346567,,,,0.5412121332733428,,,
2023-02-04T14:08:00.000Z,2.622,-140.002,85,7,1,5,3.4052493473326297,6.070787491543151,,,,0.6017317021566989,,,
2023-02-04T14:08:00.000Z,2.622,-140.002,100,7,1,3,3.7702654518113956,6.574316394429876,,,,0.6303310632326085,,,
2023-02-05T23:49:00.000Z,-0.07,-139.586,200,8,4,1,15.186747577052204,20.455756611034754,0.0017292245603151256,23.32054771361037,2.854374576154988,1.4902902689791044,1.5754120095304565,0.08512174055135202,0.010416526420627608
2023-02-05T23:49:00.000Z,0,-140,10,8,4,24,2.3968397416454525,4.037559173203371,0.18044743323903772,9.18151202953906,5.066726884596554,0.47200598962504237,0.6629536257593036,0.19094763613426124,0.0772259717391357
2023-02-05T23:49:00.000Z,0,-140,20,8,4,23,2.4470758023329027,4.184409809553886,0.18217665779935283,9.096292560491406,4.843708381467344,0.4761914362262579,0.6653525224399459,0.189161086213688,0.06817436947017655
2023-02-05T23:49:00.000Z,0,-140,25,8,4,22,2.6402914203615566,4.502740508023665,0.19665653818353002,9.47894102982573,4.966933405193369,0.5029027239104042,0.6878494925303602,0.18494676861995596,0.009267116608696285
2023-02-05T23:49:00.000Z,0,-140,30,8,4,21,3.258098359008178,5.846062722508702,0.28617716349830535,10.901378907058787,5.04518701058244,0.6041672791787023,0.783600575893072,0.1794332967143697,0.010129173967644773
2023-02-05T23:49:00.000Z,0,-140,35,8,4,20,3.6971808509782944,6.681240994817429,0.4089331048129835,11.765508052719245,5.077873465822948,0.6591303314210535,0.8333923094351849,0.17426197801413146,0.006393592078867979
2023-02-05T23:49:00.000Z,0,-140,45,8,4,19,3.78750915240669,6.971238594470527,0.5046485345965801,11.840098397618725,4.8469491786082575,0.669390488714311,0.8361715190042218,0.16678103028991087,0.02191062453994083
2023-02-05T23:49:00.000Z,0,-140,50,8,4,18,3.835330017868782,7.144570493113758,0.5293517426010819,11.978277011545007,4.696280207792211,0.6803482204411044,0.8409400575279375,0.1605918370868331,0.1374263106390387
2023-02-05T23:49:00.000Z,0,-140,55,8,4,17,3.9565728181817623,7.340494797349375,0.5556891628274199,12.281300287699139,4.760276311763302,0.6886609824407408,0.8443043638483506,0.1556433814076098,0.1805291785864633
2023-02-05T23:49:00.000Z,0,-140,60,8,4,16,3.993766824652278,7.600122278009428,0.571917270239608,12.261347370438529,4.434890138432127,0.7076698857545947,0.8640806340448655,0.1564107482902708,0.22633495399697334
2023-02-05T23:49:00.000Z,0,-140,65,8,4,15,4.159449217111849,8.09437744625599,0.5655514435615249,12.723621032953048,4.581614917615154,0.7235106385161396,0.8817213010988574,0.15821066258271776,0.04762866908190416
2023-02-05T23:49:00.000Z,0,-140,70,8,4,14,4.32802984384185,8.43400426475138,0.5383019048857898,13.12957898506846,4.6636067599227395,0.743711231487284,0.9171489093946851,0.17343767790740106,0.0319679603943399
2023-02-05T23:49:00.000Z,0,-140,75,8,4,13,4.5444313360339414,8.853630421082105,0.4713372087258942,13.174892619594893,4.290299971703887,0.765103514115719,0.9110053935052351,0.14590187938951615,0.030962226808899988
2023-02-05T23:49:00.000Z,0,-140,80,8,4,12,4.863237105781221,9.394551869732615,0.37832012935509707,13.729471833922515,4.309130081534692,0.794081918708857,0.938446431144778,0.14436451243592097,0.02578988265520904
2023-02-05T23:49:00.000Z,0,-140,85,8,4,11,5.421630241884031,10.267507607130252,0.2556592003788978,14.36964346902229,4.084822876599822,0.8518933998881466,0.984552055153221,0.13265865526507437,0.017312985292215536
2023-02-05T23:49:00.000Z,0,-140,90,8,4,10,5.846221562501999,10.917131859737573,0.1798013493373815,14.916390697135467,3.9898480445627067,0.8882835328376038,1.0235780084700121,0.13529447563240837,0.009410792835187698
2023-02-05T23:49:00.000Z,0,-140,95,8,4,9,7.026768988657074,12.286935336515327,0.03787191811767082,16.132213318996968,3.836729247005401,0.9663828037922297,1.0886115123854747,0.12222870859324497,0.00854873547623921
2023-02-05T23:49:00.000Z,0,-140,100,8,4,8,7.482274808159626,12.515451963572747,0.032323197550505806,16.277291539826454,3.748405849076759,0.98260140937194,1.0957496927522639,0.1131482833803239,0.013433727176947326
2023-02-05T23:49:00.000Z,0,-140,105,8,4,7,8.332906566530776,13.02989214993054,0.024893232681459498,16.735972585343973,3.699830519561057,1.0052144472590627,1.1172812532029073,0.11206680594384455,0.006249915852376562
2023-02-05T23:49:00.000Z,0,-140,115,8,4,6,8.630941657339974,13.397296516285422,0.022042862527093907,16.907452647463238,3.49183741230016,1.027333369922431,1.1346878815563488,0.10735451163391785,0.01831871887765545
2023-02-05T23:49:00.000Z,0,-140,125,8,4,5,7.828613803475989,13.468592222458117,0.014612897658047599,16.850786449829876,3.3783868073697363,1.0388142824743762,1.139865987806028,0.10105170533165175,0.0038074200020225026
2023-02-05T23:49:00.000Z,0,-140,135,8,4,4,7.943577096203038,13.695812563948763,0.018318378858722867,17.105599155527614,3.404542409311914,1.060351893109798,1.1574188903473135,0.09706699723751555,0.005244182266936655
2023-02-05T23:49:00.000Z,0,-140,155,8,4,3,9.315891023251552,14.686359920618251,0.01276965829155785,17.942629264360306,3.2449907599624788,1.1177855214709222,1.2162503686981883,0.098464847227266,0.011278583779576095
2023-02-05T23:49:00.000Z,0,-140,175,8,4,2,13.153153197300622,17.313375213516615,0.0027553578158867383,20.392979352872302,3.0628658589694377,1.2862497471698473,1.3743142560824633,0.08806450891261597,0.016738280386249877
2023-02-06T20:15:00.000Z,-2,-140.001,200,8,7,3,15.094239257422608,20.454692518320115,,,,1.4812916735956514,,,0.001077571698685613
2023-02-06T20:15:00.000Z,-0.07,-139.586,5,8,7,24,2.410082482681007,4.485071132178779,,,,0.44827376401099406,,,0.067815178903948
2023-02-06T20:15:00.000Z,-0.07,-139.586,15,8,7,23,2.6418211829387963,4.511134934763747,,,,0.49773263309695287,,,0.07665126683317004
2023-02-06T20:15:00.000Z,-0.07,-139.586,25,8,7,21,3.0623659400381946,5.393709215399554,,,,0.5641338575731576,,,0.16687993706977886
2023-02-06T20:15:00.000Z,-0.07,-139.586,50,8,7,19,3.9054069380286363,7.343101898392495,,,,0.684127652965931,,,0.2983436843094238
2023-02-06T20:15:00.000Z,-0.07,-139.586,75,8,7,17,5.055806633203092,9.470747024351596,,,,0.7975133475449832,,,0.05359123248129789
2023-02-06T20:15:00.000Z,-0.07,-139.586,85,8,7,15,5.9515376935679365,10.853626481043683,,,,0.8555307260548806,,,0.017815852084935493
2023-02-06T20:15:00.000Z,-0.07,-139.586,100,8,7,13,6.9809453936604315,12.20744629577322,,,,0.9648409399558665,,,0.010057335854399068
2023-02-06T20:15:00.000Z,-0.07,-139.586,125,8,7,11,6.642362955810103,13.758691925485444,,,,1.0749080288399218,,,0.007758516230536423
2023-02-06T20:15:00.000Z,-0.07,-139.586,150,8,7,9,9.504213936256821,15.917194197033645,,,,1.207885141249963,,,0.011494098119313222
2023-02-06T20:15:00.000Z,-0.07,-139.586,175,8,7,6,13.77991492375001,18.70871732906503,,,,1.3682261953555903,,,0.01156593623255893
2023-02-08T14:02:00.000Z,-4,-140,200,9,1,2,22.98624705508502,32.50734765022811,,,,2.2880920260180866,,,
2023-02-08T14:02:00.000Z,-2,-140.001,5,9,1,16,2.9226611576649653,6.265347439898612,,,,0.5847839326302341,,,
2023-02-08T14:02:00.000Z,-2,-140.001,15,9,1,15,2.9298963629073587,6.3341867571738835,,,,0.5895934347931497,,,
2023-02-08T14:02:00.000Z,-2,-140.001,25,9,1,13,2.9071054663938183,6.346467949927218,,,,0.6067416002430694,,,
2023-02-08T14:02:00.000Z,-2,-140.001,45,9,1,10,2.874908803065166,6.585304830051281,,,,0.624147417594574,,,
2023-02-08T14:02:00.000Z,-2,-140.001,75,9,1,7,2.8253476471547687,6.691957293435504,,,,0.6183931917925141,,,
2023-02-08T14:02:00.000Z,-2,-140.001,85,9,1,5,3.004057216641895,7.043587233320457,,,,0.6674901930389454,,,
2023-02-08T14:02:00.000Z,-2,-140.001,100,9,1,3,3.4776013997565673,8.402274978978857,,,,0.9106849601459037,,,
2023-02-10T04:10:00.000Z,-4,-140,5,10,6,24,1.9539231463840958,6.466219712574094,,,,0.6249458514051576,,,0.19920708803034728
2023-02-10T04:10:00.000Z,-4,-140,15,10,6,23,1.9495323078528957,6.278080999661912,,,,0.6287593368967765,,,0.17334536726189254
2023-02-10T04:10:00.000Z,-4,-140,25,10,6,21,1.9578261139673852,6.277781415724154,,,,0.6317577262527823,,,0.17837403518909206
2023-02-10T04:10:00.000Z,-4,-140,45,10,6,19,1.9490444369049844,6.2268521463052515,,,,0.6276822455747162,,,0.17047184273206423
2023-02-10T04:10:00.000Z,-4,-140,75,10,6,17,1.9812439194671194,6.231046321433866,,,,0.6223841206932303,,,0.21860337860668835
2023-02-10T04:10:00.000Z,-4,-140,85,10,6,15,1.9836832742066752,6.1950962489028765,,,,0.6211323659135386,,,0.2480570050374285
2023-02-10T04:10:00.000Z,-4,-140,100,10,6,13,2.062718367768279,5.869148924621899,,,,0.6736478455080469,,,0.9944550016603307
2023-02-10T04:10:00.000Z,-4,-140,125,10,6,11,1.8661063757600915,4.229825617208748,,,,0.7660448145950587,,,1.6252886503731236
2023-02-10T04:10:00.000Z,-4,-140,150,10,6,9,1.2996882052352636,6.01115171111931,,,,0.6623820524908215,,,0.011134907553084683
2023-02-10T04:10:00.000Z,-4,-140,175,10,6,6,5.954952790203315,16.45344944562091,,,,1.4361702803742058,,,0.01774401397168978
2023-02-10T04:10:00.000Z,-4,-140,200,10,6,3,16.290986692648623,26.36578319422817,,,,2.03287887279562,,,0.007614840004045005
2023-02-10T19:23:00.000Z,-4,-140,5,10,9,24,1.9358287495300692,6.366372656384268,0.11900460096228141,11.476317531460767,4.9224755192406215,0.6353158275500124,0.8216131353830434,0.186297307833031,0.1874693558358769
2023-02-10T19:23:00.000Z,-4,-140,60,10,9,23,1.9482093375930654,6.365664809746911,0.12127170922546042,11.552529019416149,4.979442461194509,0.6430053703256297,0.8317203677849901,0.1887149974593605,0.20742174847472855
2023-02-10T19:23:00.000Z,-4,-140,80,10,9,22,1.9665326079262995,6.386428311109368,0.11909751523536252,11.635347075986857,5.013231126831054,0.6497953816822125,0.8338175456897168,0.18402216400750426,0.2356876380464351
2023-02-10T19:23:00.000Z,-4,-140,85,10,9,21,1.9660373844037797,6.4187533075486485,0.12004524082078982,11.80829760438096,5.160507456332161,0.6476771302760991,0.8331184863881413,0.18544135611204227,0.2290368405001512
2023-02-10T19:23:00.000Z,-4,-140,90,10,9,20,1.9576185845209424,6.306441641088085,0.1208071378600549,11.462632496471874,4.904084060894966,0.6393201932218433,0.8266813153194662,0.1873611220976229,0.2521067944888234
2023-02-10T19:23:00.000Z,-4,-140,95,10,9,19,1.9893128899622123,6.1856358149792445,0.12026823507618448,11.631335945041839,5.01755503802057,0.6594290730086463,0.841769345245139,0.18234027223649274,0.4281450920420249
2023-02-10T19:23:00.000Z,-4,-140,100,10,9,18,2.0269498776737205,5.835251729487782,0.13846084974546513,12.1834563221799,5.090788181597822,0.7179276323884369,0.88781987673643,0.1698922443479931,1.2574164110942962
2023-02-10T19:23:00.000Z,-4,-140,105,10,9,17,1.9576185845209424,5.440745203601098,0.4022073053134946,12.105593192070685,4.946032497601847,0.7485697349207081,0.9067527328207685,0.1581829979000604,1.7188154908677407
2023-02-10T19:23:00.000Z,-4,-140,110,10,9,16,1.8496598566116165,5.709490976917445,1.2493438987031764,12.140985523938511,4.772951908916522,0.7611341576446413,0.9212873407993607,0.16015318315471938,1.658542638104543
2023-02-10T19:23:00.000Z,-4,-140,115,10,9,15,1.845202844908938,6.324845653659354,2.0663948504691962,12.11479519835632,4.653078839129066,0.7979859286825054,0.9507060864073329,0.1527201577248275,1.136870705567901
2023-02-10T19:23:00.000Z,-4,-140,120,10,9,14,1.746158140404969,6.796979360776133,2.5979945724754394,11.729018780997034,4.314762272956428,0.7896580087707992,0.9295595425346717,0.1399015337638725,0.6172771472644728
2023-02-10T19:23:00.000Z,-4,-140,125,10,9,13,1.6223522597750082,6.756868051325931,2.409694506649269,11.260896204825276,4.213055760849425,0.756984706260063,0.8923346347257723,0.13534992846570937,0.2909723926499198
2023-02-10T19:23:00.000Z,-4,-140,130,10,9,12,1.6055146600093333,6.866584280116188,1.5325280201997733,10.882906100476909,3.983275670052623,0.7467416549400896,0.8706346689060305,0.12389301396594088,0.033046150308098036
2023-02-10T19:23:00.000Z,-4,-140,135,10,9,11,2.6539028571838426,9.688296925498275,1.1845454846564127,13.466782275707216,3.758948632416732,0.9235431044941889,1.041117756077774,0.11757465158358515,0.0195367177922089
2023-02-10T19:23:00.000Z,-4,-140,140,10,9,10,3.685453454592677,12.242915439717844,0.10309767741079595,15.893044599686144,3.6303846047527695,1.1193217652756609,1.2179215044345966,0.09859973915893572,0.01974455521553027
2023-02-10T19:23:00.000Z,-4,-140,145,10,9,9,4.939854637135442,14.708581226509617,0.018973094563161978,18.1718388742158,3.4499560526136164,1.3044511347414662,1.4057936917330323,0.10134255699156602,0.01330159509256776
2023-02-10T19:23:00.000Z,-4,-140,150,10,9,8,6.550321532369973,17.241964341608494,0.00934717587195933,20.73329990592982,3.480528018308614,1.5082095097240504,1.598704931496992,0.09049542177294168,0.010807546012711312
2023-02-10T19:23:00.000Z,-4,-140,155,10,9,7,7.8022465973001385,18.87213514744049,0.009533004418121544,22.301416156553564,3.4139010397872944,1.6264833827558094,1.7209237993891218,0.09444041663331237,0.015379969325781473
2023-02-10T19:23:00.000Z,-4,-140,160,10,9,6,9.635564077668601,20.943530357224695,0.004998787891763539,24.39735004976613,3.4292948765895113,1.8014567523292901,1.8870086384551188,0.08555188612582865,0.02452481595192181
2023-02-10T19:23:00.000Z,-4,-140,165,10,9,5,11.003866670390927,22.31250575387215,0.00445988510789312,25.520466714371757,3.1869693807441504,1.8910616885221438,1.9736628643795913,0.08260117585744742,0.0209915797554585
2023-02-10T19:23:00.000Z,-4,-140,170,10,9,4,14.068309827743722,24.651466992577106,0.006188090587201704,27.74617249109968,3.0801568788900795,1.9835973561124973,2.057229578388771,0.07363222227627375,0.014548619632495992
2023-02-10T19:23:00.000Z,-4,-140,180,10,9,3,17.08669719750217,27.02416892099606,0.000037165709232442666,29.989810382640634,2.954002565938576,2.0444753211813467,2.116882638789887,0.07240731760854047,0.011638895705996796
2023-02-10T19:23:00.000Z,-4,-140,190,10,9,2,18.808589385303666,28.26455217852375,0.002601599646270987,31.27738341599209,2.9928788448294887,2.0792088408130973,2.1477577579428084,0.06854891712971112,0.019952392638851648
2023-02-10T19:23:00.000Z,-0.366,-140,200,10,9,1,19.886690993829365,29.03280172893466,0.004552799380974227,31.84814375458054,2.7987150317801697,2.103060931988786,2.171700539021772,0.06863960703298622,0.016626993865709705
2023-02-11T14:02:00.000Z,-0.366,-140,5,11,1,12,3.3857142931781663,5.988051035099634,,,,0.5937731211966361,,,
2023-02-11T14:02:00.000Z,-0.366,-140,25,11,1,10,3.4634927495339,6.233028511600363,,,,0.5891353869681102,,,
2023-02-11T14:02:00.000Z,-0.366,-140,45,11,1,8,3.7250454190464346,6.855491070624645,,,,0.6213991306443365,,,
2023-02-11T14:02:00.000Z,-0.366,-140,75,11,1,5,4.283965024021354,8.203836759227606,,,,0.6996680527479767,,,
2023-02-11T14:02:00.000Z,2.136,-141.963,100,11,1,9,5.039682211589383,11.221131905152163,,,,0.8919908832864754,,,
2023-02-12T14:00:00.000Z,2.136,-141.963,5,12,1,21,2.357953388496131,2.9216311181617383,,,,0.3812389303782654,,,
2023-02-12T14:00:00.000Z,2.136,-141.963,25,12,1,18,2.3445682587977026,2.9048252754466484,,,,0.3689002670912614,,,
2023-02-12T14:00:00.000Z,2.136,-141.963,45,12,1,15,2.4371788859003427,3.196018819413875,,,,0.3961254846920521,,,
2023-02-12T14:00:00.000Z,2.136,-141.963,75,12,1,11,2.8882939327635944,4.677195303322641,,,,0.4992148733150253,,,
2023-02-12T14:00:00.000Z,2.136,-141.963,100,12,1,7,3.66029033212701,5.68425310909609,,,,0.6108067746902959,,,
2023-02-12T14:00:00.000Z,5.269,-144.509,200,12,1,2,23.03436116994694,29.836511415660787,,,,2.0571786662200022,,,
2023-02-13T14:06:00.000Z,5.269,-144.509,5,13,1,21,2.2233924999052714,3.125937597740341,,,,0.3902546612615235,,,
2023-02-13T14:06:00.000Z,5.269,-144.509,25,13,1,17,2.209661334822721,3.4933432282505237,,,,0.45107431819791577,,,
2023-02-13T14:06:00.000Z,5.269,-144.509,45,13,1,14,2.539913459115856,4.2816375873831305,,,,0.5208872135059451,,,
2023-02-13T14:06:00.000Z,5.269,-144.509,55,13,1,11,2.5768819804919527,4.433117666508486,,,,0.5045437322344122,,,
2023-02-13T14:06:00.000Z,5.269,-144.509,60,13,1,10,2.5976547686937597,4.40388466878254,,,,0.5090691759021913,,,
2023-02-13T14:06:00.000Z,5.269,-144.509,75,13,1,8,2.6420169943450764,4.536429738017226,,,,0.5120380975441099,,,
2023-02-13T14:06:00.000Z,5.269,-144.509,85,13,1,7,2.7050395212624228,4.609844425488067,,,,0.5137675664617324,,,
2023-02-13T14:06:00.000Z,8.539,-147.268,100,13,1,4,2.79059524216139,4.780591707660069,,,,0.5373748171872799,,,
2023-02-14T15:01:00.000Z,8.539,-147.268,5,16,1,21,1.4390823227121217,0.6725568978865683,,,,0.1937256020026824,,,
2023-02-14T15:01:00.000Z,8.539,-147.268,25,16,1,17,1.4788759515452874,0.757555679310964,,,,0.20841176039301434,,,
2023-02-14T15:01:00.000Z,8.539,-147.268,45,16,1,15,1.5023903685830673,0.7481831901044718,,,,0.2111600473432519,,,
2023-02-14T15:01:00.000Z,8.539,-147.268,55,16,1,14,1.5280753471935653,0.751091893651314,,,,0.20886980821805395,,,
2023-02-14T15:01:00.000Z,8.539,-147.268,60,16,1,13,1.5146902174951367,0.7905209861751783,,,,0.2219241712316823,,,
2023-02-14T15:01:00.000Z,8.539,-147.268,65,16,1,12,1.525904785620847,0.7940760682879857,,,,0.22782153697906704,,,
2023-02-14T15:01:00.000Z,8.539,-147.268,75,16,1,10,2.938940369460351,2.3463541944529007,,,,0.41164185476526827,,,
2023-02-14T15:01:00.000Z,8.539,-147.268,85,16,1,9,7.903738206790958,9.698264003738656,,,,0.9247985587549361,,,
2023-02-14T15:01:00.000Z,8.539,-147.268,95,16,1,7,16.518335328647105,20.415220627438128,,,,1.7774832130552016,,,
2023-02-14T15:01:00.000Z,8.539,-147.268,100,16,1,5,19.411693905080377,22.282285115227992,,,,1.8505418411490164,,,
2023-02-14T15:01:00.000Z,8.539,-147.268,125,16,1,4,28.350428221795767,30.32678955794523,,,,2.523929399935347,,,
2023-02-14T15:01:00.000Z,11.654,-149.869,150,16,1,2,29.466458630435007,32.219385999090704,,,,2.503259991830435,,,
2023-02-15T14:37:00.000Z,11.654,-149.869,5,17,1,21,1.5026823736493584,0.0346,,,,0.19292225776079303,,,
2023-02-15T14:37:00.000Z,11.654,-149.869,45,17,1,13,1.4998657244016558,0.035,,,,0.18165188531428622,,,
2023-02-15T14:37:00.000Z,11.654,-149.869,100,17,1,5,1.8505385557406346,0.7128865127259056,,,,0.22944287640458877,,,
2023-02-15T14:37:00.000Z,11.654,-149.869,125,17,1,4,9.415354272758,12.209759447922023,,,,1.0610003564794608,,,
2023-02-15T14:37:00.000Z,11.654,-149.869,150,17,1,2,20.753423738229017,23.090414078781443,,,,1.8608220819159593,,,
2023-02-15T14:37:00.000Z,15.044,-152.728,200,17,1,1,29.493486353850308,32.298808362454366,,,,2.468961002315961,,,
2023-02-16T16:19:00.000Z,15.044,-152.728,5,19,1,15,1.4329703047687181,0.0066,,,,0.19257636397726852,,,
2023-02-16T16:19:00.000Z,15.044,-152.728,45,19,1,10,1.3921288906770297,0.0061,,,,0.17487813205359798,,,
2023-02-16T16:19:00.000Z,15.044,-152.728,95,19,1,5,1.4762762869521462,0.008,,,,0.14890727380729968,,,
2023-02-16T16:19:00.000Z,15.044,-152.728,125,19,1,3,1.706537362951837,0.6059203165014221,,,,0.18101774671115795,,,
2023-02-16T16:19:00.000Z,15.044,-152.728,150,19,1,2,4.3971415568197845,6.354190687521493,,,,0.5490199078992716,,,
2023-02-16T16:19:00.000Z,15.044,-152.728,200,19,1,1,18.638472234360293,20.143860785268494,,,,1.5989804877879084,,,

