time,lat,lon,depth,Nitrate_Nitrite,SRP,Nitrate_Nitrite_below_detection_flag
2019-04-13T19:28:33.000Z,32.8740073081411,-158,6,,,1
2019-04-13T19:31:26.000Z,32.8818732726375,-158,6,,,1
2019-04-13T22:37:29.000Z,33.3396365639923,-158,6,,,1
2019-04-13T22:40:30.000Z,33.347500792535,-158,6,,,1
2019-04-13T23:52:30.000Z,33.5378361513052,-158,6,,,1
2019-04-13T23:55:32.000Z,33.5457223107676,-158,6,,,1
2019-04-13T23:58:33.000Z,33.5536529196652,-158,6,,,1
2019-04-14T00:01:26.000Z,33.4693035706953,-158,6,,,1
2019-04-14T00:04:27.000Z,33.5655041202765,-158,6,,,1
2019-04-14T00:07:29.000Z,33.5705113787943,-158,6,,,1
2019-04-14T00:10:30.000Z,33.575388064724,-158,6,,,1
2019-04-14T00:13:32.000Z,33.5804961984324,-158,6,,,1
2019-04-14T00:16:33.000Z,33.5862421072088,-158,6,,,1
2019-04-14T00:19:26.000Z,33.5926469180181,-158,6,,,1
2019-04-14T00:28:30.000Z,33.61541726673,-158,6,,,1
2019-04-14T00:31:32.000Z,33.6233237298578,-158,6,,,1
2019-04-14T00:34:33.000Z,33.6312970046093,-158,6,,,1
2019-04-14T00:37:26.000Z,33.6392428810989,-158,6,,,1
2019-04-14T00:40:27.000Z,33.6471874772228,-158,6,,,1
2019-04-14T00:43:29.000Z,33.6551609573686,-158,6,,,1
2019-04-14T00:46:30.000Z,33.6631294327591,-158,6,,,1
2019-04-14T00:49:32.000Z,33.6710528810264,-158,6,,,1
2019-04-14T00:52:33.000Z,33.6789803876594,-158,6,,,1
2019-04-14T00:55:26.000Z,33.6869035371785,-158,6,,,1
2019-04-14T01:01:29.000Z,33.7029020166181,-158,6,,,1
2019-04-14T01:04:30.000Z,33.7108247002516,-158,6,,,1
2019-04-14T01:07:32.000Z,33.7187282650273,-158,6,,,1
2019-04-14T01:10:33.000Z,33.7265567471304,-158,6,,,1
2019-04-14T01:13:26.000Z,33.7344507666605,-158,6,,,1
2019-04-14T01:16:27.000Z,33.7424279972547,-158,6,,,1
2019-04-14T01:19:29.000Z,33.7504401683685,-158,6,,,1
2019-04-14T01:22:30.000Z,33.7585106150999,-158,6,,,1
2019-04-14T01:25:32.000Z,33.7665279132761,-158,6,,,1
2019-04-14T01:28:33.000Z,33.774598703883,-158,6,,,1
2019-04-14T01:52:27.000Z,33.8382920139854,-158,6,,,1
2019-04-14T01:55:29.000Z,33.8462748608194,-158,6,,,1
2019-04-14T03:13:32.000Z,34.0419238137129,-158,6,,,1
2019-04-14T03:16:33.000Z,34.0497587443132,-158,6,,,1
2019-04-14T03:19:26.000Z,34.057648023197,-158,6,,,1
2019-04-14T03:22:27.000Z,34.0654611191072,-158,6,,,1
2019-04-14T03:25:29.000Z,34.0732839755727,-158,6,,,1
2019-04-14T03:28:30.000Z,34.0812375786584,-158,6,,,1
2019-04-14T03:31:32.000Z,34.0892421543863,-158,6,,,1
2019-04-14T03:40:27.000Z,34.1131778227278,-158,6,,,1
2019-04-14T03:43:29.000Z,34.1211452763036,-158,6,,,1
2019-04-14T03:46:30.000Z,34.129098663425,-158,6,,,1
2019-04-14T03:49:32.000Z,34.1369296102228,-158,6,,,1
2019-04-14T03:52:33.000Z,34.1447321202927,-158,6,,,1
2019-04-14T03:55:26.000Z,34.1521824901539,-158,6,,,1
2019-04-14T03:58:27.000Z,34.1575265567187,-158,6,,,1
2019-04-14T04:01:29.000Z,34.1620770704918,-158,6,,,1
2019-04-14T04:04:30.000Z,34.1665964541115,-158,6,,,1
2019-04-14T04:07:32.000Z,34.1715373568584,-158,6,,,1
2019-04-14T04:16:27.000Z,34.191114751336,-158,6,,,1
2019-04-14T04:19:29.000Z,34.1981206625305,-158,6,,,1
2019-04-14T04:22:30.000Z,34.2054000567928,-158,6,,,1
2019-04-14T04:25:32.000Z,34.2134966042056,-158,6,,,1
2019-04-14T04:28:33.000Z,34.2218010940732,-158,6,,,1
2019-04-14T04:31:26.000Z,34.2300661444383,-158,6,,,1
2019-04-14T04:34:27.000Z,34.2383034961718,-158,6,,,1
2019-04-14T04:37:29.000Z,34.2464930794272,-158,6,,,1
2019-04-14T04:40:30.000Z,34.2546855069464,-158,6,,,1
2019-04-14T04:43:32.000Z,34.2628259274081,-158,6,,,1
2019-04-14T05:34:30.000Z,34.3999434354821,-158,6,,,1
2019-04-14T05:37:32.000Z,34.4080112790127,-158,6,,,1
2019-04-14T06:22:27.000Z,34.5124644385014,-158,6,,,1
2019-04-14T06:25:29.000Z,34.5202967502485,-158,6,,,1
2019-04-14T06:28:30.000Z,34.5280844306822,-158,6,,,1
2019-04-14T06:34:33.000Z,34.5436754519064,-158,6,,,1
2019-04-14T06:37:26.000Z,34.5515835955597,-158,6,,,1
2019-04-14T06:43:29.000Z,34.5674361523255,-158,6,,,1
2019-04-14T06:49:32.000Z,34.5835212377813,-158,6,,,1
2019-04-14T06:58:27.000Z,34.6076939132622,-158,6,,,1
2019-04-14T07:01:29.000Z,34.6156166709503,-158,6,,,1
2019-04-14T07:10:33.000Z,34.6394102553348,-158,6,,,1
2019-04-14T07:13:26.000Z,34.6472947624649,-158,6,,,1
2019-04-14T07:25:32.000Z,34.6789859030464,-158,6,,,1
2019-04-14T07:28:33.000Z,34.6869825185885,-158,6,,,1
2019-04-14T07:34:27.000Z,34.7028206692245,-158,6,,,1
2019-04-14T07:37:29.000Z,34.7107403262496,-158,6,,,1
2019-04-14T07:40:30.000Z,34.7185678489179,-158,6,0.570216795255602,,0
2019-04-14T07:43:32.000Z,34.7263832486763,-158,6,0.587679238186918,,0
2019-04-14T07:46:33.000Z,34.7341632070532,-158,6,,,1
2019-04-14T07:49:26.000Z,34.7419476262295,-158,6,0.637528189686652,,0
2019-04-14T07:52:27.000Z,34.7497346103547,-158,6,0.659610666450566,,0
2019-04-14T07:58:30.000Z,34.7622365196467,-158,6,0.754669807323414,,0
2019-04-14T08:01:32.000Z,34.767321680182,-158,6,0.759548106205289,,0
2019-04-14T08:04:33.000Z,34.772404820295,-158,6,0.75956576452907,,0
2019-04-14T08:07:26.000Z,34.7774608782262,-158,6,0.737611693991572,,0
2019-04-14T08:10:27.000Z,34.7824104963385,-158,6,0.729295313717148,,0
2019-04-14T08:13:29.000Z,34.7876143474816,-158,6,0.760265942950625,,0
2019-04-14T08:16:30.000Z,34.7943935464018,-158,6,0.757881954201901,,0
2019-04-14T08:19:32.000Z,34.8021475256267,-158,6,0.761495986123627,,0
2019-04-14T08:22:33.000Z,34.8100839203004,-158,6,0.746477495467239,,0
2019-04-14T08:25:26.000Z,34.8180078646183,-158,6,0.748433255484465,,0
2019-04-14T08:28:27.000Z,34.8258842170248,-158,6,0.766883927730491,,0
2019-04-14T10:01:29.000Z,35.0663072991178,-158,6,,,1
2019-04-14T10:04:30.000Z,35.0716317499521,-158,6,,,1
2019-04-14T10:07:32.000Z,35.077145097064,-158,6,,,1
2019-04-14T10:13:26.000Z,35.0896010804892,-158,6,,,1
2019-04-14T10:16:27.000Z,35.0974532433508,-158,6,,,1
2019-04-14T10:19:29.000Z,35.105339563706,-158,6,,,1
2019-04-14T10:22:30.000Z,35.1130791122488,-158,6,,,1
2019-04-14T10:28:33.000Z,35.1288808624749,-158,6,,,1
2019-04-14T10:31:26.000Z,35.1369179656849,-158,6,,,1
2019-04-14T10:34:27.000Z,35.1448714739673,-158,6,,,1
2019-04-14T10:37:29.000Z,35.1527809598183,-158,6,,,1
2019-04-14T10:40:30.000Z,35.1607976664313,-158,6,,,1
2019-04-14T10:43:32.000Z,35.1688099683855,-158,6,,,1
2019-04-14T10:46:33.000Z,35.1768324688949,-158,6,,,1
2019-04-14T10:49:26.000Z,35.1847302628801,-158,6,,,1
2019-04-14T10:52:27.000Z,35.192536933639,-158,6,,,1
2019-04-14T10:55:29.000Z,35.2004402431725,-158,6,,,1
2019-04-14T11:04:33.000Z,35.2243131615757,-158,6,,,1
2019-04-14T11:07:26.000Z,35.2322218077776,-158,6,,,1
2019-04-14T11:10:27.000Z,35.2400755222662,-158,6,,,1
2019-04-14T11:13:29.000Z,35.2479988490044,-158,6,,,1
2019-04-14T11:16:30.000Z,35.2559646769936,-158,6,,,1
2019-04-14T11:19:32.000Z,35.2638705057748,-158,6,,,1
2019-04-14T11:22:33.000Z,35.2717161635724,-158,6,,,1
2019-04-14T11:25:26.000Z,35.2795326629851,-158,6,,,1
2019-04-14T11:28:27.000Z,35.2872951703699,-158,6,,,1
2019-04-14T11:31:29.000Z,35.29505386033,-158,6,,,1
2019-04-14T11:40:33.000Z,35.318357810956,-158,6,,,1
2019-04-14T11:43:26.000Z,35.326025022409,-158,6,,,1
2019-04-14T18:37:26.000Z,36.3880117997322,-158,6,,,1
2019-04-14T18:40:27.000Z,36.3959319523193,-158,6,,,1
2019-04-14T21:43:29.000Z,36.8715343026798,-158,6,,,1
2019-04-14T21:46:30.000Z,36.879548750301,-158,6,,,1
2019-04-14T22:28:33.000Z,36.9105416367949,-158,6,,,1
2019-04-14T22:31:26.000Z,36.9105828588497,-158,6,,,1
2019-04-14T22:34:27.000Z,36.9106283188664,-158,6,,,1
2019-04-14T22:37:29.000Z,36.9106742759609,-158,6,,,1
2019-04-14T22:43:32.000Z,36.9106983119161,-158,6,,,1
2019-04-14T22:46:33.000Z,36.9107435207851,-158,6,,,1
2019-04-14T22:49:26.000Z,36.9107081445062,-158,6,,,1
2019-04-14T22:55:29.000Z,36.9106691898321,-158,6,,,1
2019-04-14T22:58:30.000Z,36.9106543327668,-158,6,,,1
2019-04-14T23:01:32.000Z,36.91068983624,-158,6,,,1
2019-04-14T23:04:33.000Z,36.9107534309206,-158,6,,,1
2019-04-14T23:07:26.000Z,36.9107853431108,-158,6,,,1
2019-04-14T23:10:27.000Z,36.9107681467568,-158,6,,,1
2019-04-14T23:13:29.000Z,36.9107493733089,-158,6,,,1
2019-04-14T23:16:30.000Z,36.9107850832639,-158,6,,,1
2019-04-14T23:19:32.000Z,36.9107873038367,-158,6,,,1
2019-04-14T23:22:33.000Z,36.9107683663178,-158,6,,,1
2019-04-14T23:25:26.000Z,36.9107396875922,-158,6,,,1
2019-04-14T23:31:29.000Z,36.9106367223619,-158,6,,,1
2019-04-14T23:34:30.000Z,36.9105460733846,-158,6,,,1
2019-04-14T23:37:32.000Z,36.9105016750486,-158,6,,,1
2019-04-14T23:40:33.000Z,36.9104314885825,-158,6,,,1
2019-04-14T23:43:26.000Z,36.910357018147,-158,6,,,1
2019-04-14T23:46:27.000Z,36.9104015199207,-158,6,,,1
2019-04-14T23:49:29.000Z,36.9104971284207,-158,6,,,1
2019-04-14T23:52:30.000Z,36.910660093357,-158,6,,,1
2019-04-14T23:55:32.000Z,36.9107951777986,-158,6,,,1
2019-04-14T23:58:33.000Z,36.9108414876501,-158,6,,,1
2019-04-15T00:07:29.000Z,36.91086086375,-158,6,,,1
2019-04-15T00:10:30.000Z,36.9108594970895,-158,6,,,1
2019-04-15T00:13:32.000Z,36.9108852858178,-158,6,,,1
2019-04-15T00:16:33.000Z,36.9108767061383,-158,6,,,1
2019-04-15T00:19:26.000Z,36.9108912670132,-158,6,,,1
2019-04-15T00:22:27.000Z,36.9108871135501,-158,6,,,1
2019-04-15T00:25:29.000Z,36.9108134562286,-158,6,,,1
2019-04-15T00:28:30.000Z,36.9107322862655,-158,6,,,1
2019-04-15T00:31:32.000Z,36.9106757556575,-158,6,,,1
2019-04-15T00:34:33.000Z,36.910637527892,-158,6,,,1
2019-04-15T02:49:29.000Z,36.9106989063683,-158,6,,,1
2019-04-15T04:04:30.000Z,36.9079595002161,-158,6,0.682076342078749,,0
2019-04-15T04:07:32.000Z,36.9094396987589,-158,6,0.680307880261762,,0
2019-04-15T04:10:33.000Z,36.9150531927642,-158,6,0.681020712856714,,0
2019-04-15T04:13:26.000Z,36.9208796790598,-158,6,0.658107398456875,,0
2019-04-15T04:16:27.000Z,36.9278758788961,-158,6,0.647978135286647,,0
2019-04-15T04:19:29.000Z,36.9363552708005,-158,6,0.644132359434874,,0
2019-04-15T04:22:30.000Z,36.9456418749529,-158,6,0.639526815508652,,0
2019-04-15T04:25:32.000Z,36.9550614438224,-158,6,0.622207623572068,,0
2019-04-15T04:28:33.000Z,36.9645046004754,-158,6,0.622011081251649,,0
2019-04-15T04:31:26.000Z,36.9739189054367,-158,6,0.624153747648168,,0
2019-04-15T04:40:30.000Z,37.0026477212775,-158,6,0.629284683685336,,0
2019-04-15T04:43:32.000Z,37.0122558508274,-158,6,0.625397852467198,,0
2019-04-15T04:46:33.000Z,37.0218354770114,-158,6,0.628399730611445,,0
2019-04-15T04:49:26.000Z,37.0313819089608,-158,6,0.63575332472319,,0
2019-04-15T04:52:27.000Z,37.0409052021858,-158,6,0.62570581120299,,0
2019-04-15T04:55:29.000Z,37.0504325074944,-158,6,0.628189627922538,,0
2019-04-15T04:58:30.000Z,37.0599535319749,-158,6,0.624145870690836,,0
2019-04-15T05:01:32.000Z,37.0694339479709,-158,6,0.628301930998262,,0
2019-04-15T05:04:33.000Z,37.0789556176747,-158,6,0.63361691390021,,0
2019-04-15T05:07:26.000Z,37.0885046247144,-158,6,0.631808862597889,,0
2019-04-15T05:13:29.000Z,37.1076233078317,-158,6,0.59405513627272,,0
2019-04-15T05:16:30.000Z,37.1170948151801,-158,6,0.640118588909518,,0
2019-04-15T05:19:32.000Z,37.1265295043407,-158,6,0.635408227182268,,0
2019-04-15T05:22:33.000Z,37.1359244038954,-158,6,0.627205196090842,,0
2019-04-15T05:25:26.000Z,37.1451938248302,-158,6,0.62326050371602,,0
2019-04-15T05:28:27.000Z,37.1544716508544,-158,6,0.625017768068609,,0
2019-04-15T05:31:29.000Z,37.1638335681956,-158,6,0.62833857058214,,0
2019-04-15T05:34:30.000Z,37.1731884371808,-158,6,0.633945865974784,,0
2019-04-15T05:37:32.000Z,37.1825034707326,-158,6,0.647189032537505,,0
2019-04-15T05:40:33.000Z,37.1918547813173,-158,6,0.641260494782791,,0
2019-04-15T05:43:26.000Z,37.2012511730319,-158,6,0.639024019184481,,0
2019-04-15T05:49:29.000Z,37.220400525291,-158,6,,,1
2019-04-15T05:52:30.000Z,37.2301738844062,-158,6,,,1
2019-04-15T06:37:26.000Z,37.3441803873399,-158,6,,,1
2019-04-15T06:40:27.000Z,37.3538923403044,-158,6,,,1
2019-04-15T06:43:29.000Z,37.3636016043114,-158,6,,,1
2019-04-15T06:49:32.000Z,37.3829392350383,-158,6,,,1
2019-04-15T06:52:33.000Z,37.3925259168326,-158,6,,,1
2019-04-15T06:55:26.000Z,37.4020988469189,-158,6,,,1
2019-04-15T07:04:30.000Z,37.4310476476436,-158,6,,,1
2019-04-15T07:07:32.000Z,37.4406880698342,-158,6,,,1
2019-04-15T07:10:33.000Z,37.4502985701916,-158,6,,,1
2019-04-15T07:13:26.000Z,37.4598711946212,-158,6,,,1
2019-04-15T07:16:27.000Z,37.4693851707689,-158,6,,,1
2019-04-15T07:19:29.000Z,37.4788710111906,-158,6,,,1
2019-04-15T07:22:30.000Z,37.488428164944,-158,6,,,1
2019-04-15T07:25:32.000Z,37.4979913104782,-158,6,,,1
2019-04-15T07:28:33.000Z,37.5075055293245,-158,6,,,1
2019-04-15T07:31:26.000Z,37.5170534913865,-158,6,,,1
2019-04-15T07:37:29.000Z,37.5362171355392,-158,6,,,1
2019-04-15T07:40:30.000Z,37.5457505454015,-158,6,,,1
2019-04-15T07:43:32.000Z,37.5553841483591,-158,6,,,1
2019-04-15T07:46:33.000Z,37.5650196980388,-158,6,,,1
2019-04-15T07:49:26.000Z,37.574560917173,-158,6,,,1
2019-04-15T07:52:27.000Z,37.5841195081504,-158,6,,,1
2019-04-15T07:55:29.000Z,37.5936984575337,-158,6,,,1
2019-04-15T07:58:30.000Z,37.6032338387152,-158,6,,,1
2019-04-15T08:01:32.000Z,37.611528309126,-158,6,,,1
2019-04-15T08:04:33.000Z,37.61704729036,-158,6,,,1
2019-04-15T08:07:26.000Z,37.6220818767443,-158,6,,,1
2019-04-15T08:13:29.000Z,37.63189322682,-158,6,,,1
2019-04-15T08:16:30.000Z,37.6378240678892,-158,6,,,1
2019-04-15T08:19:32.000Z,37.6450849305972,-158,6,,,1
2019-04-15T08:22:33.000Z,37.6529231701275,-158,6,,,1
2019-04-15T08:25:26.000Z,37.6615719321787,-158,6,,,1
2019-04-15T08:28:27.000Z,37.6709637484046,-158,6,,,1
2019-04-15T08:31:29.000Z,37.680471934647,-158,6,,,1
2019-04-15T08:34:30.000Z,37.6899448408949,-158,6,,,1
2019-04-15T08:37:32.000Z,37.6993857629897,-158,6,,,1
2019-04-15T08:40:33.000Z,37.7088286123622,-158,6,,,1
2019-04-15T08:43:26.000Z,37.718250337762,-158,6,,,1
2019-04-15T08:46:27.000Z,37.7276832841769,-158,6,,,1
2019-04-15T08:49:29.000Z,37.7372382080485,-158,6,,,1
2019-04-15T09:31:32.000Z,37.8702468570622,-158,6,,,1
2019-04-15T09:34:33.000Z,37.8798746541292,-158,6,,,1
2019-04-15T09:37:26.000Z,37.8894734104412,-158,6,,,1
2019-04-15T09:40:27.000Z,37.8990921623993,-158,6,,,1
2019-04-15T09:46:30.000Z,37.9183126816245,-158,6,,,1
2019-04-15T09:49:32.000Z,37.9279252906749,-158,6,,,1
2019-04-15T09:52:33.000Z,37.9374871547359,-158,6,,,1
2019-04-15T09:58:27.000Z,37.9565942452147,-158,6,,,1
2019-04-15T10:01:29.000Z,37.9652297324867,-158,6,,,1
2019-04-15T10:04:30.000Z,37.9711928671656,-158,6,,,1
2019-04-15T10:07:32.000Z,37.9784223711216,-158,6,,,1
2019-04-15T10:10:33.000Z,37.9837503433384,-158,6,,,1
2019-04-15T10:13:26.000Z,37.9891471436564,-158,6,,,1
2019-04-15T10:16:27.000Z,37.9948787460529,-158,6,,,1
2019-04-15T10:19:29.000Z,38.0018945834236,-158,6,,,1
2019-04-15T10:22:30.000Z,38.0103343070112,-158,6,,,1
2019-04-15T10:25:32.000Z,38.0198839846138,-158,6,,,1
2019-04-15T10:28:33.000Z,38.0295094849503,-158,6,,,1
2019-04-15T10:34:27.000Z,38.0487126303387,-158,6,,,1
2019-04-15T10:37:29.000Z,38.0583791742174,-158,6,,,1
2019-04-15T10:40:30.000Z,38.0679712371307,-158,6,,,1
2019-04-15T10:43:32.000Z,38.0775620851903,-158,6,,,1
2019-04-15T10:46:33.000Z,38.087135351549,-158,6,,,1
2019-04-15T10:49:26.000Z,38.0966866493355,-158,6,,,1
2019-04-15T10:52:27.000Z,38.1062347607669,-158,6,,,1
2019-04-15T10:55:29.000Z,38.1157707843568,-158,6,,,1
2019-04-15T10:58:30.000Z,38.1253585846207,-158,6,,,1
2019-04-15T11:01:32.000Z,38.1350524808712,-158,6,,,1
2019-04-15T11:04:33.000Z,38.1447474891413,-158,6,,,1
2019-04-15T11:10:27.000Z,38.1638615248534,-158,6,,,1
2019-04-15T11:13:29.000Z,38.1733530026273,-158,6,,,1
2019-04-15T11:16:30.000Z,38.1828180897472,-158,6,,,1
2019-04-15T11:19:32.000Z,38.1921614012064,-158,6,,,1
2019-04-15T11:22:33.000Z,38.2015536619069,-158,6,,,1
2019-04-15T11:25:26.000Z,38.2109383190539,-158,6,,,1
2019-04-15T11:28:27.000Z,38.2202594078571,-158,6,,,1
2019-04-15T11:31:29.000Z,38.2296402169183,-158,6,,,1
2019-04-15T11:34:30.000Z,38.2389462926546,-158,6,,,1
2019-04-15T11:37:32.000Z,38.2483421846346,-158,6,,,1
2019-04-15T14:28:27.000Z,38.7562848297367,-158,6,,,1
2019-04-15T15:13:32.000Z,38.8942377413356,-158,6,1.05978761607202,,0
2019-04-15T15:16:33.000Z,38.9035861894168,-158,6,1.08764122968712,,0
2019-04-15T15:19:26.000Z,38.9129648160469,-158,6,0.702190253224148,,0
2019-04-15T15:28:30.000Z,38.9411188475966,-158,6,,,1
2019-04-15T15:31:32.000Z,38.9505186721142,-158,6,0.546618919705458,,0
2019-04-15T15:34:33.000Z,38.9599262531537,-158,6,0.602308335490491,,0
2019-04-15T15:40:27.000Z,38.9788115224792,-158,6,0.628415403134946,,0
2019-04-15T15:43:29.000Z,38.9882890062116,-158,6,0.650290896834497,,0
2019-04-15T15:46:30.000Z,38.9977246491618,-158,6,0.583143992515947,,0
2019-04-15T15:49:32.000Z,39.0070872078988,-158,6,0.514804677159326,,0
2019-04-15T15:52:33.000Z,39.0165367461885,-158,6,0.51506221274491,,0
2019-04-15T15:55:26.000Z,39.0260382485019,-158,6,0.558810513177707,,0
2019-04-15T15:58:27.000Z,39.0355245193951,-158,6,0.585133160202092,,0
2019-04-15T16:01:29.000Z,39.0442108940007,-158,6,,,1
2019-04-15T16:04:30.000Z,39.0500206482472,-158,6,,,1
2019-04-15T16:07:32.000Z,39.055550617579,-158,6,,,1
2019-04-15T16:16:27.000Z,39.0727546807447,-158,6,,,1
2019-04-15T16:19:29.000Z,39.0811141004438,-158,6,,,1
2019-04-15T16:22:30.000Z,39.0903687797668,-158,6,,,1
2019-04-15T16:25:32.000Z,39.099973331251,-158,6,,,1
2019-04-15T16:28:33.000Z,39.1095909976259,-158,6,,,1
2019-04-15T16:31:26.000Z,39.1192842429842,-158,6,,,1
2019-04-15T16:34:27.000Z,39.1289804464944,-158,6,,,1
2019-04-15T16:37:29.000Z,39.1385358893489,-158,6,,,1
2019-04-15T16:40:30.000Z,39.14804522569,-158,6,0.533684638129294,,0
2019-04-15T16:43:32.000Z,39.1575330267273,-158,6,0.643300076543644,,0
2019-04-15T16:49:26.000Z,39.1764170405676,-158,6,0.736721770561997,,0
2019-04-15T16:52:27.000Z,39.1857995309345,-158,6,0.993263278945109,,0
2019-04-15T16:55:29.000Z,39.1951613738006,-158,6,1.34146034568638,,0
2019-04-15T16:58:30.000Z,39.2045077807886,-158,6,1.44049489766521,,0
2019-04-15T17:01:32.000Z,39.213841820065,-158,6,1.40187476309524,,0
2019-04-15T17:04:33.000Z,39.2232036470964,-158,6,1.45204608729229,,0
2019-04-15T17:07:26.000Z,39.232481905906,-158,6,1.53868288544389,,0
2019-04-15T17:10:27.000Z,39.2417704375644,-158,6,1.57866437077833,,0
2019-04-15T17:13:29.000Z,39.2510705661773,-158,6,1.58993936252856,,0
2019-04-15T17:16:30.000Z,39.2603747948967,-158,6,1.60770300354617,,0
2019-04-15T17:19:32.000Z,39.2698134011361,-158,6,1.633381082276,,0
2019-04-15T17:25:26.000Z,39.2888254512658,-158,6,2.13288396222276,,0
2019-04-15T17:28:27.000Z,39.2983371385408,-158,6,2.117754945622,,0
2019-04-15T18:13:32.000Z,39.4288535237203,-158,6,1.26375094521593,,0
2019-04-15T18:16:33.000Z,39.4343419953868,-158,6,1.2504090858681,,0
2019-04-15T18:19:26.000Z,39.4401276564763,-158,6,1.20296639323525,,0
2019-04-15T18:25:29.000Z,39.455349738195,-158,6,1.14216734647414,,0
2019-04-15T18:28:30.000Z,39.4640902471844,-158,6,1.17713134523636,,0
2019-04-15T18:31:32.000Z,39.4734621303472,-158,6,1.17412826157603,,0
2019-04-15T18:40:27.000Z,39.5022105782972,-158,6,1.13774367753099,,0
2019-04-15T18:43:29.000Z,39.5117834886442,-158,6,1.1404821392577,,0
2019-04-15T18:46:30.000Z,39.5212190278781,-158,6,1.14558255448964,,0
2019-04-15T18:49:32.000Z,39.5306290939929,-158,6,1.15830141755327,,0
2019-04-15T18:52:33.000Z,39.5401867461255,-158,6,1.15979161902749,,0
2019-04-15T18:55:26.000Z,39.549708204228,-158,6,1.1612945747081,,0
2019-04-15T18:58:27.000Z,39.5592569764016,-158,6,1.17420374470236,,0
2019-04-15T19:01:29.000Z,39.5689384301064,-158,6,1.17915238928452,,0
2019-04-15T19:04:30.000Z,39.578614589149,-158,6,1.19693651248176,,0
2019-04-15T19:07:32.000Z,39.5884390451977,-158,6,1.20263940939472,,0
2019-04-15T19:16:27.000Z,39.6176868901632,-158,6,1.28411997072671,,0
2019-04-15T19:19:29.000Z,39.6275052708731,-158,6,1.30315897463667,,0
2019-04-15T19:22:30.000Z,39.6372946908215,-158,6,1.34781808338372,,0
2019-04-15T19:25:32.000Z,39.6470126921537,-158,6,1.42671075749321,,0
2019-04-15T19:28:33.000Z,39.6567319488091,-158,6,1.45879115773346,,0
2019-04-15T19:31:26.000Z,39.6663543866352,-158,6,1.46367581035716,,0
2019-04-15T19:34:27.000Z,39.6758728835641,-158,6,1.47307363565,,0
2019-04-15T19:37:29.000Z,39.6854841051372,-158,6,1.52218862396338,,0
2019-04-15T19:40:30.000Z,39.6950971769033,-158,6,1.61985905605019,,0
2019-04-15T19:43:32.000Z,39.704751914883,-158,6,1.68321256628325,,0
2019-04-15T19:52:27.000Z,39.7333492476614,-158,6,1.77450993050759,,0
2019-04-15T19:55:29.000Z,39.7427079524907,-158,6,1.75971183003674,,0
2019-04-15T19:58:30.000Z,39.7521061411634,-158,6,1.67348870831723,,0
2019-04-15T20:01:32.000Z,39.7613162648869,-158,6,1.56134362743519,,0
2019-04-15T20:04:33.000Z,39.7676676604952,-158,6,1.5411453234563,,0
2019-04-15T20:07:26.000Z,39.7725561233614,-158,6,1.54402282496744,,0
2019-04-15T20:10:27.000Z,39.7774615299412,-158,6,1.51758957968077,,0
2019-04-15T20:13:29.000Z,39.7825568857815,-158,6,1.49549859125466,,0
2019-04-15T20:16:30.000Z,39.7879307498379,-158,6,1.47886437630976,,0
2019-04-15T20:19:32.000Z,39.7945796951321,-158,6,1.4817858489142,,0
2019-04-15T20:22:33.000Z,39.8027699718271,-158,6,1.52938594301501,,0
2019-04-15T21:10:30.000Z,39.9509669854134,-158,6,2.35429357261367,,0
2019-04-15T21:13:32.000Z,39.960262660709,-158,6,2.3830785103378,,0
2019-04-15T21:19:26.000Z,39.9788214132128,-158,6,2.28807952269081,,0
2019-04-15T21:22:27.000Z,39.9880468413448,-158,6,2.3376344963961,,0
2019-04-15T21:25:29.000Z,39.9972458209024,-158,6,2.36926225707106,,0
2019-04-15T21:28:30.000Z,40.0063865733846,-158,6,2.38901036007191,,0
2019-04-15T21:34:33.000Z,40.0247107520855,-158,6,2.31028684925312,,0
2019-04-15T21:37:26.000Z,40.0337121827576,-158,6,2.37032417229481,,0
2019-04-15T21:40:27.000Z,40.0427217870342,-158,6,2.37338361281958,,0
2019-04-15T21:43:29.000Z,40.0516964858132,-158,6,2.34594705762797,,0
2019-04-15T21:46:30.000Z,40.0605944169214,-158,6,2.33225363148299,,0
2019-04-15T21:49:32.000Z,40.0694351796572,-158,6,2.3109126556465,,0
2019-04-15T21:52:33.000Z,40.0784437233468,-158,6,2.28476920612427,,0
2019-04-15T21:55:26.000Z,40.0874265367749,-158,6,2.25756522508935,,0
2019-04-15T21:58:27.000Z,40.0957895004206,-158,6,2.25679388919035,,0
2019-04-15T22:01:29.000Z,40.1012651930683,-158,6,2.23800498854049,,0
2019-04-15T22:10:33.000Z,40.1172983954887,-158,6,2.05997001915016,,0
2019-04-15T22:13:26.000Z,40.1236532804213,-158,6,2.08760537804142,,0
2019-04-15T22:16:27.000Z,40.1321881304946,-158,6,2.07606494446173,,0
2019-04-15T22:19:29.000Z,40.1412814531722,-158,6,2.00235336552606,,0
2019-04-15T22:22:30.000Z,40.1503283387747,-158,6,1.94235821301936,,0
2019-04-15T22:25:32.000Z,40.159408564122,-158,6,1.94910757843066,,0
2019-04-15T22:28:33.000Z,40.1685194029561,-158,6,1.93846162235311,,0
2019-04-15T22:31:26.000Z,40.1776372446513,-158,6,1.86717583202336,,0
2019-04-15T22:34:27.000Z,40.1866865108788,-158,6,1.77609592351675,,0
2019-04-15T22:37:29.000Z,40.1955813212289,-158,6,1.711793793698,,0
2019-04-15T22:46:33.000Z,40.2226672947802,-158,6,1.39360857770863,,0
2019-04-15T22:49:26.000Z,40.2316997334399,-158,6,1.41700215940248,,0
2019-04-15T22:52:27.000Z,40.2407795291748,-158,6,1.39592659219878,,0
2019-04-15T22:55:29.000Z,40.249751839812,-158,6,1.35139080412338,,0
2019-04-15T22:58:30.000Z,40.2587638941319,-158,6,1.32981871119623,,0
2019-04-15T23:01:32.000Z,40.2677747481384,-158,6,1.3449661652526,,0
2019-04-15T23:04:33.000Z,40.2767876352961,-158,6,1.33696918781846,,0
2019-04-15T23:07:26.000Z,40.2858459873591,-158,6,1.32274313601148,,0
2019-04-15T23:10:27.000Z,40.2947348152133,-158,6,1.3537075531962,,0
2019-04-15T23:13:29.000Z,40.3036216940578,-158,6,1.37095634191352,,0
2019-04-16T00:07:29.000Z,40.4531163181231,-158,6,2.88830539525842,,0
2019-04-16T00:10:30.000Z,40.4580645718024,-158,6,2.97751076689076,,0
2019-04-16T00:16:33.000Z,40.4685657633725,-158,6,2.84263736926656,,0
2019-04-16T00:19:26.000Z,40.476293947744,-158,6,2.89245302491275,,0
2019-04-16T00:22:27.000Z,40.4850748740391,-158,6,2.92631478887706,,0
2019-04-16T00:31:32.000Z,40.5115936328239,-158,6,2.76976948601281,,0
2019-04-16T00:34:33.000Z,40.5203273335618,-158,6,2.85628121243153,,0
2019-04-16T00:37:26.000Z,40.5290964677387,-158,6,2.86284260428133,,0
2019-04-16T00:40:27.000Z,40.5379873722716,-158,6,2.88176933639089,,0
2019-04-16T00:43:29.000Z,40.5469385826001,-158,6,2.86240845109593,,0
2019-04-16T00:46:30.000Z,40.5559365600167,-158,6,2.81651136372855,,0
2019-04-16T00:49:32.000Z,40.564956019899,-158,6,2.75407549746822,,0
2019-04-16T00:52:33.000Z,40.5738887085348,-158,6,2.67936611401475,,0
2019-04-16T00:55:26.000Z,40.5827276379388,-158,6,2.6211331317592,,0
2019-04-16T00:58:27.000Z,40.5915336200588,-158,6,2.60062036630015,,0
2019-04-16T01:04:30.000Z,40.6092882262264,-158,6,2.14334810470858,,0
2019-04-16T01:07:32.000Z,40.6181676420765,-158,6,2.20710707549428,,0
2019-04-16T01:10:33.000Z,40.6270386312648,-158,6,2.2012752868176,,0
2019-04-16T01:13:26.000Z,40.6359470785396,-158,6,2.15279962185554,,0
2019-04-16T01:16:27.000Z,40.6449527035141,-158,6,2.33861190266545,,0
2019-04-16T01:19:29.000Z,40.6538700081141,-158,6,2.68039630619465,,0
2019-04-16T01:22:30.000Z,40.6628843943626,-158,6,2.76635861598828,,0
2019-04-16T01:25:32.000Z,40.671907043587,-158,6,2.75893918653171,,0
2019-04-16T01:28:33.000Z,40.6810322934797,-158,6,2.77342033497056,,0
2019-04-16T01:31:26.000Z,40.6902114388256,-158,6,2.8231867003106,,0
2019-04-16T01:34:27.000Z,40.6994334515861,-158,6,2.93213403936501,,0
2019-04-16T01:46:33.000Z,40.7363703358973,-158,6,3.79227222867139,,0
2019-04-16T01:49:26.000Z,40.7449447073269,-158,6,3.90486598512838,,0
2019-04-16T01:52:27.000Z,40.7502290300546,-158,6,3.75595339818042,,0
2019-04-16T01:55:29.000Z,40.7551726362084,-158,6,3.75073280390821,,0
2019-04-16T01:58:30.000Z,40.7605187816083,-158,6,3.86429319656556,,0
2019-04-16T02:01:32.000Z,40.7658307211069,-158,6,4.03236241894607,,0
2019-04-16T02:04:33.000Z,40.7710378793762,-158,6,4.18040951795275,,0
2019-04-16T02:07:26.000Z,40.7762600792249,-158,6,4.27379484429509,,0
2019-04-16T02:10:27.000Z,40.7829235252794,-158,6,4.29485288431825,,0
2019-04-16T03:04:27.000Z,40.9477552808311,-158,6,4.85123534504679,,0
2019-04-16T03:07:29.000Z,40.9570256822366,-158,6,4.98889112056959,,0
2019-04-16T03:13:32.000Z,40.9756098384744,-158,6,5.00781529947598,,0
2019-04-16T03:16:33.000Z,40.984880929093,-158,6,5.11636409153124,,0
2019-04-16T03:19:26.000Z,40.9941758477262,-158,6,5.15328145017274,,0
2019-04-16T03:28:30.000Z,41.0221757723928,-158,6,4.92548568796234,,0
2019-04-16T03:31:32.000Z,41.0316425273317,-158,6,4.99584490520471,,0
2019-04-16T03:34:33.000Z,41.0412042004801,-158,6,5.01304675844253,,0
2019-04-16T03:37:26.000Z,41.0507654330454,-158,6,4.99215777127366,,0
2019-04-16T03:46:30.000Z,41.0796121976475,-158,6,5.58460006786633,,0
2019-04-16T03:49:32.000Z,41.0892823640494,-158,6,5.56024111276002,,0
2019-04-16T03:52:33.000Z,41.098975695836,-158,6,5.38217277418885,,0
2019-04-16T03:55:26.000Z,41.1085791123985,-158,6,5.31956149569008,,0
2019-04-16T04:01:29.000Z,41.1278658234757,-158,6,5.68008939293702,,0
2019-04-16T04:04:30.000Z,41.1375881412051,-158,6,5.64671220635595,,0
2019-04-16T04:07:32.000Z,41.1472027457627,-158,6,5.33994805925772,,0
2019-04-16T04:10:33.000Z,41.1568425212482,-158,6,5.2187938807118,,0
2019-04-16T04:13:26.000Z,41.1665063949716,-158,6,5.13448937818891,,0
2019-04-16T04:16:27.000Z,41.1761544726359,-158,6,5.08499982634301,,0
2019-04-16T04:19:29.000Z,41.1857786343081,-158,6,5.02637902297501,,0
2019-04-16T04:22:30.000Z,41.1955300596632,-158,6,4.98839976476855,,0
2019-04-16T04:25:32.000Z,41.2051607082677,-158,6,4.98550290187195,,0
2019-04-16T04:37:29.000Z,41.2437966800793,-158,6,5.29528539038916,,0
2019-04-16T04:40:30.000Z,41.2535033049929,-158,6,5.26694716828112,,0
2019-04-16T04:43:32.000Z,41.2632699571996,-158,6,5.24981169193465,,0
2019-04-16T04:46:33.000Z,41.2729341772475,-158,6,5.24998879284322,,0
2019-04-16T04:49:26.000Z,41.2824955368837,-158,6,5.31077610573445,,0
2019-04-16T04:52:27.000Z,41.2920127026026,-158,6,5.40860431235592,,0
2019-04-16T04:55:29.000Z,41.3015248005704,-158,6,5.45036750201762,,0
2019-04-16T06:28:30.000Z,41.5906043710298,-158,6,5.64817185649038,,0
2019-04-16T06:31:32.000Z,41.5986562523741,-158,6,5.71356080201788,,0
2019-04-16T06:40:27.000Z,41.6265909272993,-158,6,5.6808020887015,,0
2019-04-16T06:43:29.000Z,41.6360537796448,-158,6,5.71763435463417,,0
2019-04-16T06:52:33.000Z,41.6586607177333,-158,6,5.68583710943669,,0
2019-04-16T06:55:26.000Z,41.6628519596462,-158,6,5.77454200419418,,0
2019-04-16T06:58:27.000Z,41.6648678081265,-158,6,5.82766095268952,,0
2019-04-16T07:01:29.000Z,41.666199027679,-158,6,5.80979958794224,,0
2019-04-16T07:04:30.000Z,41.6665835195687,-158,6,6.08126547344275,,0
2019-04-16T07:07:32.000Z,41.6666327934611,-158,6,6.09260869400912,,0
2019-04-16T07:10:33.000Z,41.66661781581,-158,6,5.97770554812921,,0
2019-04-16T07:13:26.000Z,41.6665951657574,-158,6,5.94558286167864,,0
2019-04-16T07:16:27.000Z,41.6666832810302,-158,6,5.92525878433242,,0
2019-04-16T07:19:29.000Z,41.6669568953961,-158,6,5.88260412279619,,0
2019-04-16T07:28:33.000Z,41.6677602307678,-158,6,5.82462031587572,,0
2019-04-16T07:31:26.000Z,41.667881318746,-158,6,5.85959092931949,,0
2019-04-16T07:34:27.000Z,41.6680161229632,-158,6,5.83164235850727,,0
2019-04-16T07:37:29.000Z,41.6681907552345,-158,6,5.8081357932163,,0
2019-04-16T07:40:30.000Z,41.6683666107113,-158,6,5.80350096063056,,0
2019-04-16T07:43:32.000Z,41.6684822834591,-158,6,5.80621182968567,,0
2019-04-16T07:46:33.000Z,41.6688831026227,-158,6,5.78662888090332,,0
2019-04-16T07:49:26.000Z,41.6696756674184,-158,6,5.77872417278633,,0
2019-04-16T07:52:27.000Z,41.6704684453089,-158,6,5.75877374942306,,0
2019-04-16T07:55:29.000Z,41.6711292932535,-158,6,5.73404769181635,,0
2019-04-16T08:07:26.000Z,41.6715832313228,-158,6,5.70199177523532,,0
2019-04-16T08:10:27.000Z,41.67159925643,-158,6,5.72287495236075,,0
2019-04-16T08:13:29.000Z,41.6715887110694,-158,6,5.73266243781136,,0
2019-04-16T08:16:30.000Z,41.6715833419932,-158,6,5.72313798661046,,0
2019-04-16T08:19:32.000Z,41.6715866100329,-158,6,5.72878178245619,,0
2019-04-16T08:22:33.000Z,41.6715903689929,-158,6,5.74467941605733,,0
2019-04-16T08:25:26.000Z,41.6715870589917,-158,6,5.76495856556302,,0
2019-04-16T08:28:27.000Z,41.6715924129141,-158,6,5.73113853022073,,0
2019-04-18T23:55:32.000Z,41.3365113344262,-158,6,5.45719460227489,,0
2019-04-18T23:58:33.000Z,41.2152360123382,-158,6,5.48593171619905,,0
2019-04-19T00:01:26.000Z,41.3180291099302,-158,6,5.36098681303698,,0
2019-04-19T00:04:27.000Z,41.3088826889252,-158,6,5.30068916781928,,0
2019-04-19T00:07:29.000Z,41.2997275890193,-158,6,5.32172081887331,,0
2019-04-19T00:10:30.000Z,41.2905485892941,-158,6,5.50545399755324,,0
2019-04-19T00:28:30.000Z,41.2352925648135,-158,6,5.27710115590159,,0
2019-04-19T00:31:32.000Z,41.2261224922579,-158,6,5.3482327953918,,0
2019-04-19T00:34:33.000Z,41.2170251440107,-158,6,5.31291879369727,,0
2019-04-19T00:37:26.000Z,41.2079219162553,-158,6,5.28291862452528,,0
2019-04-19T00:40:27.000Z,41.1987583951275,-158,6,5.22945773291615,,0
2019-04-19T00:43:29.000Z,41.1895956068352,-158,6,5.06731037608984,,0
2019-04-19T00:46:30.000Z,41.1804044989619,-158,6,4.9258696183801,,0
2019-04-19T00:49:32.000Z,41.1712050436433,-158,6,4.74370957129102,,0
2019-04-19T00:52:33.000Z,41.1619968970679,-158,6,4.6674513810445,,0
2019-04-19T00:55:26.000Z,41.1528713738894,-158,6,4.61163897589711,,0
2019-04-19T01:07:32.000Z,41.116129516023,-158,6,4.05115026275267,,0
2019-04-19T01:10:33.000Z,41.1069067974098,-158,6,4.12717897461224,,0
2019-04-19T01:13:26.000Z,41.097727069828,-158,6,4.1208872202491,,0
2019-04-19T01:19:29.000Z,41.079560128724,-158,6,4.2485785142935,,0
2019-04-19T01:22:30.000Z,41.0704733394847,-158,6,4.28201492260761,,0
2019-04-19T01:25:32.000Z,41.0613856842348,-158,6,4.21418824442222,,0
2019-04-19T01:31:26.000Z,41.0430933235089,-158,6,,,1
2019-04-19T02:31:29.000Z,40.86288480618,-158,6,4.89152534824302,,0
2019-04-19T02:34:30.000Z,40.8538663180312,-158,6,5.00028690925868,,0
2019-04-19T02:40:33.000Z,40.8359162172672,-158,6,4.90648610499012,,0
2019-04-19T02:43:26.000Z,40.8268796025401,-158,6,4.95795603497238,,0
2019-04-19T02:46:27.000Z,40.8178367226344,-158,6,4.95123839446852,,0
2019-04-19T02:49:29.000Z,40.8087646334406,-158,6,4.9385599480678,,0
2019-04-19T02:55:32.000Z,40.7907121882954,-158,6,4.31456033216291,,0
2019-04-19T02:58:33.000Z,40.7816692765583,-158,6,3.99998529751269,,0
2019-04-19T03:01:26.000Z,40.7726779759138,-158,6,3.71391648340978,,0
2019-04-19T03:04:27.000Z,40.7638121046657,-158,6,3.43024724569645,,0
2019-04-19T03:07:29.000Z,40.7549026049011,-158,6,3.09374332540017,,0
2019-04-19T03:10:30.000Z,40.7459041075422,-158,6,2.87219906174391,,0
2019-04-19T03:13:32.000Z,40.7369509434156,-158,6,2.58899683205164,,0
2019-04-19T03:19:26.000Z,40.7192436161881,-158,6,2.55829714161232,,0
2019-04-19T03:22:27.000Z,40.7104551523108,-158,6,2.66253869387108,,0
2019-04-19T03:31:32.000Z,40.6842504602559,-158,6,2.33984359394868,,0
2019-04-19T03:34:33.000Z,40.6754591400914,-158,6,2.39921263398803,,0
2019-04-19T03:37:26.000Z,40.6666789249383,-158,6,2.1349013481022,,0
2019-04-19T03:40:27.000Z,40.6579021990978,-158,6,1.91894533997426,,0
2019-04-19T03:43:29.000Z,40.6490101775493,-158,6,1.78506775162708,,0
2019-04-19T03:46:30.000Z,40.6401154739279,-158,6,1.75317883203788,,0
2019-04-19T03:49:32.000Z,40.6312549424038,-158,6,1.77108097873521,,0
2019-04-19T03:52:33.000Z,40.6224568358966,-158,6,1.80071757049796,,0
2019-04-19T03:55:26.000Z,40.6136919148313,-158,6,1.8301815478318,,0
2019-04-19T03:58:27.000Z,40.6049386750641,-158,6,1.78691117709594,,0
2019-04-19T04:07:32.000Z,40.5787849964342,-158,6,1.95837994315913,,0
2019-04-19T04:10:33.000Z,40.5701599640788,-158,6,2.06554904356854,,0
2019-04-19T04:13:26.000Z,40.561489338564,-158,6,2.12092360568861,,0
2019-04-19T04:16:27.000Z,40.5528266882004,-158,6,2.16194797568473,,0
2019-04-19T04:19:29.000Z,40.5440983415061,-158,6,2.19403882999778,,0
2019-04-19T04:22:30.000Z,40.5353821408084,-158,6,2.14808176255393,,0
2019-04-19T04:25:32.000Z,40.5267649022267,-158,6,2.05415472255234,,0
2019-04-19T04:28:33.000Z,40.5182278285635,-158,6,1.99208686483245,,0
2019-04-19T04:31:26.000Z,40.5096878339276,-158,6,1.89547466675532,,0
2019-04-19T04:34:27.000Z,40.5012281777392,-158,6,1.86632186704906,,0
2019-04-19T04:40:30.000Z,40.4842539165602,-158,6,2.10939125187136,,0
2019-04-19T04:43:32.000Z,40.475663421181,-158,6,2.10840143475916,,0
2019-04-19T05:31:29.000Z,40.3399412615835,-158,6,1.73023706135075,,0
2019-04-19T05:34:30.000Z,40.3316455262071,-158,6,1.75243488759561,,0
2019-04-19T05:40:33.000Z,40.3149674171328,-158,6,1.8070563606532,,0
2019-04-19T05:43:26.000Z,40.306566817775,-158,6,1.99447083727727,,0
2019-04-19T05:46:27.000Z,40.2981982343182,-158,6,1.91131910049354,,0
2019-04-19T05:49:29.000Z,40.2898631913271,-158,6,1.8137463427495,,0
2019-04-19T05:55:32.000Z,40.2730318097404,-158,6,1.2996704748918,,0
2019-04-19T05:58:33.000Z,40.2647016889877,-158,6,1.16638999890562,,0
2019-04-19T06:01:26.000Z,40.2564135624927,-158,6,0.929990655986687,,0
2019-04-19T06:04:27.000Z,40.2481267149571,-158,6,0.626479444313498,,0
2019-04-19T06:07:29.000Z,40.2397824438741,-158,6,0.574114116525566,,0
2019-04-19T06:10:30.000Z,40.2314555448327,-158,6,0.688117462770723,,0
2019-04-19T06:13:32.000Z,40.2230846335734,-158,6,0.539308812601521,,0
2019-04-19T06:16:33.000Z,40.2147932920842,-158,6,,,1
2019-04-19T06:19:26.000Z,40.2065077964427,-158,6,,,1
2019-04-19T06:22:27.000Z,40.1981676212837,-158,6,,,1
2019-04-19T06:31:32.000Z,40.1727653901948,-158,6,,,1
2019-04-19T06:34:33.000Z,40.1643248761917,-158,6,,,1
2019-04-19T06:37:26.000Z,40.1559322833333,-158,6,0.529519313986963,,0
2019-04-19T06:40:27.000Z,40.1476166894315,-158,6,0.619036547117174,,0
2019-04-19T06:43:29.000Z,40.1393144039085,-158,6,0.79728352115961,,0
2019-04-19T06:46:30.000Z,40.1310987110826,-158,6,1.02180232082936,,0
2019-04-19T06:49:32.000Z,40.122840373082,-158,6,1.11794205808709,,0
2019-04-19T06:52:33.000Z,40.1144787154696,-158,6,1.1564015421739,,0
2019-04-19T06:55:26.000Z,40.1061342977633,-158,6,1.1893040035331,,0
2019-04-19T06:58:27.000Z,40.0978410497299,-158,6,1.20959410778808,,0
2019-04-19T07:13:26.000Z,40.0565475275223,-158,6,1.38071671873969,,0
2019-04-19T07:16:27.000Z,40.0483435401516,-158,6,1.43256990356917,,0
2019-04-19T07:19:29.000Z,40.040270824195,-158,6,1.4504126331705,,0
2019-04-19T07:46:33.000Z,39.9679792353462,-158,6,2.0056825444299,,0
2019-04-19T07:49:26.000Z,39.9598236692222,-158,6,1.87004031242974,,0
2019-04-19T08:37:32.000Z,39.8284062924423,-158,6,1.51464184949068,,0
2019-04-19T08:40:33.000Z,39.8201521708353,-158,6,1.5827495461556,,0
2019-04-19T08:46:27.000Z,39.8038830583943,-158,6,1.41649136606384,,0
2019-04-19T08:49:29.000Z,39.7958332517219,-158,6,1.46985113932374,,0
2019-04-19T08:52:30.000Z,39.7876346753288,-158,6,1.48630789182445,,0
2019-04-19T08:55:32.000Z,39.7795037060403,-158,6,1.44048922529363,,0
2019-04-19T09:01:26.000Z,39.7634879068013,-158,6,1.21397964165413,,0
2019-04-19T09:04:27.000Z,39.7555042042736,-158,6,1.30841949104087,,0
2019-04-19T09:07:29.000Z,39.747538215414,-158,6,1.33565173233953,,0
2019-04-19T09:10:30.000Z,39.7395463644863,-158,6,1.33652797632819,,0
2019-04-19T09:13:32.000Z,39.7314695890595,-158,6,1.38571929231473,,0
2019-04-19T09:16:33.000Z,39.7234770919059,-158,6,1.4762288850403,,0
2019-04-19T09:19:26.000Z,39.7154544664544,-158,6,1.56172628883032,,0
2019-04-19T09:22:27.000Z,39.7073969507734,-158,6,1.55476987514418,,0
2019-04-19T09:25:29.000Z,39.6993412957488,-158,6,1.49367055407061,,0
2019-04-19T09:28:30.000Z,39.6911933815612,-158,6,1.49624028673344,,0
2019-04-19T09:40:27.000Z,39.6586834386334,-158,6,1.33728792400269,,0
2019-04-19T09:43:29.000Z,39.6504849108086,-158,6,1.33487912315502,,0
2019-04-19T09:46:30.000Z,39.6421917200303,-158,6,1.32142061886318,,0
2019-04-19T09:58:27.000Z,39.6098005841846,-158,6,1.80451141722248,,0
2019-04-19T10:01:29.000Z,39.6017347786515,-158,6,1.79667640006061,,0
2019-04-19T10:04:30.000Z,39.5936922022722,-158,6,1.81643425827878,,0
2019-04-19T10:16:27.000Z,39.5611990250008,-158,6,1.59893446400419,,0
2019-04-19T10:19:29.000Z,39.5529283683531,-158,6,1.56025686798322,,0
2019-04-19T10:22:30.000Z,39.5446876148498,-158,6,1.47053026580228,,0
2019-04-19T10:25:32.000Z,39.5363723666227,-158,6,1.43955428730459,,0
2019-04-19T10:28:33.000Z,39.5281116523108,-158,6,1.42007019637594,,0
2019-04-19T10:31:26.000Z,39.5198637367592,-158,6,1.39477157029107,,0
2019-04-19T10:34:27.000Z,39.5115274135832,-158,6,1.33462122247338,,0
2019-04-19T10:37:29.000Z,39.5031318343923,-158,6,1.27215309024141,,0
2019-04-19T10:40:30.000Z,39.4946403032332,-158,6,1.20982212924906,,0
2019-04-19T11:31:29.000Z,39.3430357882421,-158,6,0.563409691423332,,0
2019-04-19T11:34:30.000Z,39.3338714305486,-158,6,0.567129328173941,,0
2019-04-19T11:37:32.000Z,39.3246701587478,-158,6,0.566338465344317,,0
2019-04-19T11:43:26.000Z,39.3064568403731,-158,6,0.516474945287266,,0
2019-04-19T11:46:27.000Z,39.2972168172147,-158,6,0.560761821919301,,0
2019-04-19T11:49:29.000Z,39.2878420534848,-158,6,0.57285482241006,,0
2019-04-19T11:55:32.000Z,39.2690612948211,-158,6,0.504010495338396,,0
2019-04-19T11:58:33.000Z,39.2598219435955,-158,6,0.521804322311451,,0
2019-04-19T12:01:26.000Z,39.2505850661195,-158,6,0.532875228539207,,0
2019-04-19T12:04:27.000Z,39.2414615778534,-158,6,0.535389210160081,,0
2019-04-19T12:07:29.000Z,39.2321819899401,-158,6,0.548768755285886,,0
2019-04-19T12:10:30.000Z,39.222864900805,-158,6,0.556935528719397,,0
2019-04-19T12:13:32.000Z,39.2135946818815,-158,6,0.563081143066812,,0
2019-04-19T12:34:33.000Z,39.1476202946837,-158,6,,,1
2019-04-19T12:37:26.000Z,39.1380991406023,-158,6,,,1
2019-04-19T12:40:27.000Z,39.1285423690987,-158,6,,,1
2019-04-19T12:43:29.000Z,39.1189599682782,-158,6,0.502989061965713,,0
2019-04-19T12:46:30.000Z,39.1093524638063,-158,6,0.550593372051564,,0
2019-04-19T12:49:32.000Z,39.0996239688486,-158,6,0.576988769855994,,0
2019-04-19T12:52:33.000Z,39.0898524026443,-158,6,0.564272130859199,,0
2019-04-19T12:55:26.000Z,39.0801266921282,-158,6,0.600590643845452,,0
2019-04-19T12:58:27.000Z,39.0703981234525,-158,6,0.654458309610268,,0
2019-04-19T13:01:29.000Z,39.0606538597365,-158,6,0.677052221169811,,0
2019-04-19T14:22:33.000Z,38.7975208295784,-158,6,,,1
2019-04-19T14:25:26.000Z,38.7877338451399,-158,6,,,1
2019-04-19T14:28:27.000Z,38.7779863104118,-158,6,,,1
2019-04-19T14:37:32.000Z,38.7486787647495,-158,6,,,1
2019-04-19T14:40:33.000Z,38.738995067332,-158,6,,,1
2019-04-19T14:43:26.000Z,38.7293347459564,-158,6,,,1
2019-04-19T14:49:29.000Z,38.7099366436912,-158,6,,,1
2019-04-19T14:52:30.000Z,38.7002631744806,-158,6,,,1
2019-04-19T14:55:32.000Z,38.6905980951144,-158,6,,,1
2019-04-19T14:58:33.000Z,38.6809450556173,-158,6,,,1
2019-04-19T15:01:26.000Z,38.6712900215654,-158,6,,,1
2019-04-19T15:04:27.000Z,38.6616777303248,-158,6,,,1
2019-04-19T15:07:29.000Z,38.6520784942476,-158,6,0.500362861460754,,0
2019-04-19T15:10:30.000Z,38.6425024901315,-158,6,,,1
2019-04-19T15:13:32.000Z,38.6330026888789,-158,6,,,1
2019-04-19T15:16:33.000Z,38.6234178683554,-158,6,,,1
2019-04-19T15:25:29.000Z,38.5945858672123,-158,6,,,1
2019-04-19T15:28:30.000Z,38.5849562981963,-158,6,,,1
2019-04-19T15:31:32.000Z,38.5752645714064,-158,6,,,1
2019-04-19T15:34:33.000Z,38.5656128319495,-158,6,,,1
2019-04-19T15:37:26.000Z,38.556008017484,-158,6,,,1
2019-04-19T15:40:27.000Z,38.5463541167315,-158,6,,,1
2019-04-19T15:43:29.000Z,38.5367142585903,-158,6,,,1
2019-04-19T15:46:30.000Z,38.5270477461239,-158,6,,,1
2019-04-19T15:49:32.000Z,38.5173230624417,-158,6,,,1
2019-04-19T15:52:33.000Z,38.5075732957766,-158,6,,,1
2019-04-19T16:01:29.000Z,38.4783764096933,-158,6,,,1
2019-04-19T16:04:30.000Z,38.468690820569,-158,6,,,1
2019-04-19T16:07:32.000Z,38.4589600279244,-158,6,,,1
2019-04-19T16:10:33.000Z,38.4492443860355,-158,6,,,1
2019-04-19T16:13:26.000Z,38.4394886548524,-158,6,,,1
2019-04-19T16:16:27.000Z,38.4297174836714,-158,6,,,1
2019-04-19T16:19:29.000Z,38.419983288256,-158,6,,,1
2019-04-19T16:22:30.000Z,38.4102833213416,-158,6,,,1
2019-04-19T16:25:32.000Z,38.4005409487103,-158,6,,,1
2019-04-19T16:28:33.000Z,38.3908056296657,-158,6,,,1
2019-04-19T16:43:32.000Z,38.3416968226253,-158,6,,,1
2019-04-19T17:28:27.000Z,38.1922375301905,-158,6,,,1
2019-04-19T17:31:29.000Z,38.1822114775076,-158,6,,,1
2019-04-19T17:34:30.000Z,38.1722515617965,-158,6,,,1
2019-04-19T17:37:32.000Z,38.1622895729832,-158,6,,,1
2019-04-19T17:43:26.000Z,38.1423593772275,-158,6,,,1
2019-04-19T17:46:27.000Z,38.1323508513376,-158,6,,,1
2019-04-19T17:49:29.000Z,38.122345268881,-158,6,,,1
2019-04-19T17:55:32.000Z,38.1023217809986,-158,6,,,1
2019-04-19T17:58:33.000Z,38.092325943827,-158,6,,,1
2019-04-19T18:01:26.000Z,38.0823923058921,-158,6,,,1
2019-04-19T18:04:27.000Z,38.0725081597442,-158,6,,,1
2019-04-19T18:07:29.000Z,38.0626674602135,-158,6,,,1
2019-04-19T18:10:30.000Z,38.0528237311908,-158,6,,,1
2019-04-19T18:13:32.000Z,38.0430338056096,-158,6,,,1
2019-04-19T18:16:33.000Z,38.0332595379365,-158,6,,,1
2019-04-19T18:19:26.000Z,38.0234877074349,-158,6,,,1
2019-04-19T18:22:27.000Z,38.0137282653515,-158,6,,,1
2019-04-19T18:25:29.000Z,38.0039404719444,-158,6,,,1
2019-04-19T18:31:32.000Z,37.9843062974244,-158,6,,,1
2019-04-19T18:34:33.000Z,37.9745505213207,-158,6,,,1
2019-04-19T18:37:26.000Z,37.9649268792589,-158,6,,,1
2019-04-19T18:40:27.000Z,37.9553258805316,-158,6,,,1
2019-04-19T18:43:29.000Z,37.9457320469575,-158,6,,,1
2019-04-19T18:46:30.000Z,37.9361645818198,-158,6,,,1
2019-04-19T18:49:32.000Z,37.9266864160044,-158,6,,,1
2019-04-19T18:52:33.000Z,37.9171203898761,-158,6,,,1
2019-04-19T18:55:26.000Z,37.9075440994219,-158,6,,,1
2019-04-19T19:07:32.000Z,37.8693455881263,-158,6,,,1
2019-04-19T19:10:33.000Z,37.8598476520994,-158,6,,,1
2019-04-19T19:13:26.000Z,37.8504113747268,-158,6,,,1
2019-04-19T19:16:27.000Z,37.840901695393,-158,6,,,1
2019-04-19T19:19:29.000Z,37.8313878992212,-158,6,,,1
2019-04-19T19:22:30.000Z,37.8218863198404,-158,6,,,1
2019-04-19T19:25:32.000Z,37.8123767408972,-158,6,,,1
2019-04-19T19:28:33.000Z,37.8028987775771,-158,6,,,1
2019-04-19T19:31:26.000Z,37.7934188402473,-158,6,,,1
2019-04-19T19:34:27.000Z,37.7839298182404,-158,6,,,1
2019-04-22T18:37:26.000Z,33.2282477517289,-158,6,,,1
2019-04-22T18:40:27.000Z,33.2376184274096,-158,6,,,1
2019-04-22T20:04:33.000Z,33.4989543972546,-158,6,,,1
2019-04-22T20:07:26.000Z,33.5045849261554,-158,6,,,1
2019-04-22T20:10:27.000Z,33.5103662855539,-158,6,,,1
2019-04-22T20:13:29.000Z,33.5160094171066,-158,6,,,1
2019-04-22T20:16:30.000Z,33.5226490740082,-158,6,,,1
2019-04-22T20:19:32.000Z,33.53148326031,-158,6,,,1
2019-04-22T20:22:33.000Z,33.5409188408084,-158,6,,,1
2019-04-22T20:25:26.000Z,33.5504161243548,-158,6,,,1
2019-04-22T21:52:33.000Z,33.836407079864,-158,6,,,1
2019-04-22T21:55:26.000Z,33.8463305596724,-158,6,,,1
2019-04-22T22:37:29.000Z,33.9604577037117,-158,6,,,1
2019-04-22T22:40:30.000Z,33.9700326638711,-158,6,,,1
2019-04-22T22:43:32.000Z,33.9795949280996,-158,6,,,1
2019-04-22T22:46:33.000Z,33.9889957706323,-158,6,,,1
2019-04-22T22:52:27.000Z,34.0075021478652,-158,6,,,1
2019-04-22T22:55:29.000Z,34.0167159232418,-158,6,,,1
2019-04-22T22:58:30.000Z,34.0259310561838,-158,6,,,1
2019-04-22T23:04:33.000Z,34.0440515481377,-158,6,,,1
2019-04-22T23:07:26.000Z,34.0532259420109,-158,6,,,1
2019-04-22T23:10:27.000Z,34.0622973693974,-158,6,,,1
2019-04-22T23:13:29.000Z,34.071313006437,-158,6,,,1
2019-04-22T23:16:30.000Z,34.0802743329536,-158,6,,,1
2019-04-22T23:19:32.000Z,34.0891861326634,-158,6,,,1
2019-04-22T23:22:33.000Z,34.0980033479892,-158,6,,,1
2019-04-22T23:25:26.000Z,34.1068238408987,-158,6,,,1
2019-04-22T23:28:27.000Z,34.1155839975919,-158,6,,,1
2019-04-22T23:31:29.000Z,34.1243811061316,-158,6,,,1
2019-04-22T23:34:30.000Z,34.1331793647217,-158,6,,,1
2019-04-22T23:40:33.000Z,34.1508102904248,-158,6,,,1
2019-04-22T23:43:26.000Z,34.1596286647318,-158,6,,,1
2019-04-22T23:46:27.000Z,34.1683632103524,-158,6,,,1
2019-04-22T23:49:29.000Z,34.1770230272205,-158,6,,,1
2019-04-22T23:52:30.000Z,34.1849956064648,-158,6,,,1
2019-04-22T23:55:32.000Z,34.1903171945919,-158,6,,,1
2019-04-22T23:58:33.000Z,34.1025142006681,-158,6,,,1
2019-04-23T00:01:26.000Z,34.2001491603926,-158,6,,,1
2019-04-23T00:04:27.000Z,34.2053333144461,-158,6,,,1
2019-04-23T00:07:29.000Z,34.2105271883077,-158,6,,,1
2019-04-23T00:16:33.000Z,34.2345429852668,-158,6,,,1
2019-04-23T00:19:26.000Z,34.2432567681686,-158,6,,,1
2019-04-23T00:22:27.000Z,34.2519950455219,-158,6,,,1
2019-04-23T00:25:29.000Z,34.26072426078,-158,6,,,1
2019-04-23T00:28:30.000Z,34.269492883392,-158,6,,,1
2019-04-23T00:31:32.000Z,34.2781813968618,-158,6,,,1
2019-04-23T00:34:33.000Z,34.286731239413,-158,6,,,1
2019-04-23T00:37:26.000Z,34.2953558326557,-158,6,,,1
2019-04-23T00:40:27.000Z,34.3040177070567,-158,6,,,1
2019-04-23T00:43:29.000Z,34.3126900058813,-158,6,,,1
2019-04-23T00:49:32.000Z,34.3298339974283,-158,6,,,1
2019-04-23T00:52:33.000Z,34.3383922197238,-158,6,,,1
2019-04-23T01:34:27.000Z,34.4571200583117,-158,6,,,1
2019-04-23T01:37:29.000Z,34.4656149351965,-158,6,,,1
2019-04-23T01:40:30.000Z,34.474043060604,-158,6,,,1
2019-04-23T01:43:32.000Z,34.4824365777693,-158,6,,,1
2019-04-23T01:49:26.000Z,34.4992264631595,-158,6,,,1
2019-04-23T01:52:27.000Z,34.507809171205,-158,6,,,1
2019-04-23T01:55:29.000Z,34.5163848628377,-158,6,,,1
2019-04-23T02:04:33.000Z,34.5344142928807,-158,6,,,1
2019-04-23T02:07:26.000Z,34.5394243853771,-158,6,,,1
2019-04-23T02:10:27.000Z,34.5445237761786,-158,6,,,1
2019-04-23T02:13:29.000Z,34.5495029347041,-158,6,,,1
2019-04-23T02:16:30.000Z,34.5559840565435,-158,6,,,1
2019-04-23T02:19:32.000Z,34.5644579668149,-158,6,,,1
2019-04-23T02:22:33.000Z,34.5729363164305,-158,6,,,1
2019-04-23T02:25:26.000Z,34.5812944048463,-158,6,,,1
2019-04-23T02:28:27.000Z,34.5897432802646,-158,6,,,1
2019-04-23T02:31:29.000Z,34.5981446034408,-158,6,,,1
2019-04-23T02:37:32.000Z,34.6149801122071,-158,6,,,1
2019-04-23T02:40:33.000Z,34.6234581311437,-158,6,,,1
2019-04-23T02:43:26.000Z,34.6319559216048,-158,6,,,1
2019-04-23T02:46:27.000Z,34.6405651520847,-158,6,,,1
2019-04-23T02:49:29.000Z,34.6491351999058,-158,6,,,1
2019-04-23T02:52:30.000Z,34.6577257174833,-158,6,,,1
2019-04-23T02:55:32.000Z,34.6663951657582,-158,6,,,1
2019-04-23T02:58:33.000Z,34.6750534618413,-158,6,,,1
2019-04-23T03:01:26.000Z,34.6835912780891,-158,6,,,1
2019-04-23T03:04:27.000Z,34.6923120151423,-158,6,,,1
2019-04-23T03:07:29.000Z,34.7009001707287,-158,6,,,1
2019-04-23T03:13:32.000Z,34.7185107478906,-158,6,,,1
2019-04-23T03:16:33.000Z,34.7272997675589,-158,6,,,1
2019-04-23T03:19:26.000Z,34.7359991609714,-158,6,,,1
2019-04-23T03:22:27.000Z,34.7447704147448,-158,6,,,1
2019-04-23T03:25:29.000Z,34.7536305057477,-158,6,,,1
2019-04-23T03:28:30.000Z,34.7625391201213,-158,6,,,1
2019-04-23T03:31:32.000Z,34.7714201542018,-158,6,,,1
2019-04-23T03:34:33.000Z,34.7802813026906,-158,6,,,1
2019-04-23T03:37:26.000Z,34.7892426735305,-158,6,,,1
2019-04-23T03:40:27.000Z,34.7981666960653,-158,6,,,1
2019-04-23T03:52:33.000Z,34.8337177322103,-158,6,,,1
2019-04-23T03:55:26.000Z,34.8417138292326,-158,6,,,1
2019-04-23T04:37:29.000Z,34.9459268745578,-158,6,,,1
2019-04-23T04:40:30.000Z,34.9545052013746,-158,6,,,1
2019-04-23T04:43:32.000Z,34.9630712498804,-158,6,,,1
2019-04-23T04:46:33.000Z,34.971632095968,-158,6,,,1
2019-04-23T04:52:27.000Z,34.98843370941,-158,6,,,1
2019-04-23T04:55:29.000Z,34.9969846968695,-158,6,,,1
2019-04-23T04:58:30.000Z,35.0055005230103,-158,6,,,1
2019-04-23T05:07:26.000Z,35.0309007139229,-158,6,,,1
2019-04-23T05:10:27.000Z,35.0394590880013,-158,6,,,1
2019-04-23T05:13:29.000Z,35.0479270614986,-158,6,,,1
2019-04-23T05:16:30.000Z,35.0563758440956,-158,6,,,1
2019-04-23T05:19:32.000Z,35.0648148296996,-158,6,,,1
2019-04-23T05:22:33.000Z,35.0731020946413,-158,6,,,1
2019-04-23T05:25:26.000Z,35.0813250917747,-158,6,,,1
2019-04-23T05:28:27.000Z,35.0895376001389,-158,6,,,1
2019-04-23T05:31:29.000Z,35.0978884210089,-158,6,,,1
2019-04-23T05:34:30.000Z,35.1062140103949,-158,6,,,1
2019-04-23T05:40:33.000Z,35.1228999047552,-158,6,,,1
2019-04-23T05:43:26.000Z,35.1313077277199,-158,6,,,1
2019-04-23T05:46:27.000Z,35.1396492066786,-158,6,,,1
2019-04-23T05:49:29.000Z,35.1471967619894,-158,6,,,1
2019-04-23T05:52:30.000Z,35.1549887457002,-158,6,,,1
2019-04-23T05:55:32.000Z,35.163562321073,-158,6,,,1
2019-04-23T05:58:33.000Z,35.1700066095675,-158,6,,,1
2019-04-23T06:01:26.000Z,35.1752553325129,-158,6,,,1
2019-04-23T06:04:27.000Z,35.1807424976128,-158,6,,,1
2019-04-23T06:07:29.000Z,35.1862843089832,-158,6,,,1
2019-04-23T06:10:30.000Z,35.1917942513082,-158,6,,,1
2019-04-23T06:16:33.000Z,35.2035141347465,-158,6,,,1
2019-04-23T06:19:26.000Z,35.2113355753627,-158,6,,,1
2019-04-23T06:22:27.000Z,35.2200163169399,-158,6,,,1
2019-04-23T06:25:29.000Z,35.2286156975202,-158,6,,,1
2019-04-23T06:28:30.000Z,35.2372592053109,-158,6,,,1
2019-04-23T06:31:32.000Z,35.2459604346917,-158,6,,,1
2019-04-23T06:34:33.000Z,35.2546695064987,-158,6,,,1
2019-04-23T06:37:26.000Z,35.2633161306289,-158,6,,,1
2019-04-23T06:40:27.000Z,35.2719628975364,-158,6,,,1
2019-04-23T06:43:29.000Z,35.2807440848384,-158,6,,,1
2019-04-23T07:31:26.000Z,35.4210759990985,-158,6,,,1
2019-04-23T07:34:27.000Z,35.4298619708422,-158,6,,,1
2019-04-23T08:19:32.000Z,35.5557131489279,-158,6,,,1
2019-04-23T08:22:33.000Z,35.5645000066932,-158,6,,,1
2019-04-23T08:25:26.000Z,35.5732885227548,-158,6,,,1
2019-04-23T08:31:29.000Z,35.5910355607376,-158,6,,,1
2019-04-23T08:34:30.000Z,35.5998276621677,-158,6,,,1
2019-04-23T08:37:32.000Z,35.6084980251922,-158,6,,,1
2019-04-23T08:40:33.000Z,35.6171428142246,-158,6,,,1
2019-04-23T08:46:27.000Z,35.6345417872125,-158,6,,,1
2019-04-23T08:49:29.000Z,35.6432358967483,-158,6,,,1
2019-04-23T08:52:30.000Z,35.6519789969073,-158,6,,,1
2019-04-23T08:55:32.000Z,35.6606986945409,-158,6,,,1
2019-04-23T08:58:33.000Z,35.6693962231639,-158,6,,,1
2019-04-23T09:01:26.000Z,35.6780764159566,-158,6,,,1
2019-04-23T09:04:27.000Z,35.686832116378,-158,6,,,1
2019-04-23T09:07:29.000Z,35.6956099315227,-158,6,,,1
2019-04-23T09:10:30.000Z,35.7043400419607,-158,6,,,1
2019-04-23T09:22:27.000Z,35.7400723513939,-158,6,,,1
2019-04-23T09:25:29.000Z,35.7489498579976,-158,6,,,1
2019-04-23T09:28:30.000Z,35.7577922557871,-158,6,,,1
2019-04-23T09:31:32.000Z,35.7666195988037,-158,6,,,1
2019-04-23T09:34:33.000Z,35.7754692420588,-158,6,,,1
2019-04-23T09:37:26.000Z,35.784422955764,-158,6,,,1
2019-04-23T09:40:27.000Z,35.7934525861814,-158,6,,,1
2019-04-23T09:43:29.000Z,35.802514632861,-158,6,,,1
2019-04-23T09:46:30.000Z,35.8103127701584,-158,6,,,1
2019-04-23T09:49:32.000Z,35.812911923992,-158,6,,,1
2019-04-23T09:58:27.000Z,35.8130010896414,-158,6,,,1
2019-04-23T10:01:29.000Z,35.8129724014649,-158,6,,,1
2019-04-23T10:04:30.000Z,35.8129704780719,-158,6,,,1
2019-04-23T10:07:32.000Z,35.8128851897286,-158,6,,,1
2019-04-23T10:10:33.000Z,35.8127867812695,-158,6,,,1
2019-04-23T10:13:26.000Z,35.812790748028,-158,6,,,1
2019-04-23T10:16:27.000Z,35.8125462729562,-158,6,,,1
2019-04-23T10:19:29.000Z,35.8124591128346,-158,6,,,1
2019-04-23T10:22:30.000Z,35.8123741792458,-158,6,,,1
2019-04-23T10:25:32.000Z,35.8124036279785,-158,6,,,1
2019-04-25T06:40:27.000Z,41.7860010508081,-158,6,,0.572050330207965,
2019-04-25T06:43:29.000Z,41.7768949746689,-158,6,,0.571618113620955,
2019-04-25T06:46:30.000Z,41.7678233599688,-158,6,,0.575073903565132,
2019-04-25T06:49:32.000Z,41.7588233611227,-158,6,,0.574999244752225,
2019-04-25T06:52:33.000Z,41.7498177927604,-158,6,,0.57720785654123,
2019-04-25T06:55:26.000Z,41.7407670042072,-158,6,,0.577691258926955,
2019-04-25T06:58:27.000Z,41.7316732491476,-158,6,,0.578953476267461,
2019-04-25T07:07:32.000Z,41.7045168896453,-158,6,,0.574278706640613,
2019-04-25T07:10:33.000Z,41.695472413902,-158,6,,0.586590117607832,
2019-04-25T07:13:26.000Z,41.686388873904,-158,6,,0.592469638668482,
2019-04-25T07:16:27.000Z,41.6772202504855,-158,6,,0.592457590469587,
2019-04-25T07:19:29.000Z,41.6680894915401,-158,6,,0.590709506339036,
2019-04-25T07:22:30.000Z,41.6589604685561,-158,6,,0.597295489971244,
2019-04-25T07:25:32.000Z,41.6497900489549,-158,6,,0.598076432317786,
2019-04-25T07:28:33.000Z,41.640615399046,-158,6,,0.594114393064149,
2019-04-25T07:31:26.000Z,41.6314129100167,-158,6,,0.582621331362813,
2019-04-25T07:34:27.000Z,41.6221385966665,-158,6,,0.572283812417475,
2019-04-25T07:46:33.000Z,41.5848898113774,-158,6,,0.575631811302689,
2019-04-25T07:49:26.000Z,41.575656888885,-158,6,,0.575248107461913,
2019-04-25T07:52:27.000Z,41.5664787900806,-158,6,,0.597188699117404,
2019-04-25T07:55:29.000Z,41.5573541786507,-158,6,,0.602709864495992,
2019-04-25T07:58:30.000Z,41.5482381912823,-158,6,,0.596195902252532,
2019-04-25T08:01:32.000Z,41.5391239458607,-158,6,,0.589743459845837,
2019-04-25T08:04:33.000Z,41.5300166516355,-158,6,,0.590403667444015,
2019-04-25T08:07:26.000Z,41.520916576502,-158,6,,0.586987981994063,
2019-04-25T09:07:29.000Z,41.3387245074523,-158,6,,0.596355063638943,
2019-04-25T09:16:33.000Z,41.3118586715646,-158,6,,0.588386463852766,
2019-04-25T09:19:26.000Z,41.3028953791856,-158,6,,0.587266669096292,
2019-04-25T09:22:27.000Z,41.2939396288784,-158,6,,0.587751633994779,
2019-04-25T09:28:30.000Z,41.2759184519018,-158,6,,0.572940770838432,
2019-04-25T09:31:32.000Z,41.2668969885979,-158,6,,0.580707972949519,
2019-04-25T09:34:33.000Z,41.2578793417577,-158,6,,0.58993021624164,
2019-04-25T09:37:26.000Z,41.2488777847481,-158,6,,0.592306407524363,
2019-04-25T09:40:27.000Z,41.2398656803248,-158,6,,0.597826325655587,
2019-04-25T09:43:29.000Z,41.230821395897,-158,6,,0.603174073490564,
2019-04-25T09:46:30.000Z,41.2217592397935,-158,6,,0.605859936192586,
2019-04-25T09:49:32.000Z,41.2127459249676,-158,6,,0.608983789831897,
2019-04-25T09:52:33.000Z,41.2037610892038,-158,6,,0.613438074259478,
2019-04-25T09:55:26.000Z,41.1947780226027,-158,6,,0.611625046756125,
2019-04-25T10:04:30.000Z,41.1675888793531,-158,6,,0.586518768022475,
2019-04-25T10:07:32.000Z,41.1585850090766,-158,6,,0.591231387118308,
2019-04-25T10:31:26.000Z,41.0862338964651,-158,6,,0.582301847295733,
2019-04-25T12:46:30.000Z,40.6710219486555,-158,6,,0.464631468028223,
2019-04-25T12:49:32.000Z,40.6620916333179,-158,6,,0.468808542075349,
2019-04-25T12:55:26.000Z,40.6442123649671,-158,6,,0.499613687341903,
2019-04-25T12:58:27.000Z,40.635273049097,-158,6,,0.505832836383146,
2019-04-25T13:01:29.000Z,40.6262999127474,-158,6,,0.512361366329328,
2019-04-25T13:10:33.000Z,40.5996787726321,-158,6,,0.508046114107706,
2019-04-25T13:13:26.000Z,40.590751628176,-158,6,,0.512205245262531,
2019-04-25T13:16:27.000Z,40.5817677420287,-158,6,,0.508845051433754,
2019-04-25T13:19:29.000Z,40.5727476850939,-158,6,,0.508724304382634,
2019-04-25T13:22:30.000Z,40.5637816856727,-158,6,,0.506961142306345,
2019-04-25T13:25:32.000Z,40.5547754408547,-158,6,,0.489974643770533,
2019-04-25T13:28:33.000Z,40.5457150155599,-158,6,,0.465681851913686,
2019-04-25T13:31:26.000Z,40.5366343508513,-158,6,,0.435412942772183,
2019-04-25T13:34:27.000Z,40.5275858505086,-158,6,,0.413924706220651,
2019-04-25T13:37:29.000Z,40.5185992942214,-158,6,,0.412085241977938,
2019-04-25T13:46:33.000Z,40.4913704813444,-158,6,,0.438933406574858,
2019-04-25T13:49:26.000Z,40.4821067338782,-158,6,,0.464731882724856,
2019-04-25T13:52:27.000Z,40.4728499729555,-158,6,,0.458025377986173,
2019-04-25T13:55:29.000Z,40.4635530923528,-158,6,,0.454781517786341,
2019-04-25T13:58:30.000Z,40.4542397496195,-158,6,,0.421166388366877,
2019-04-25T14:01:32.000Z,40.444962383703,-158,6,,0.395020063534299,
2019-04-25T14:04:33.000Z,40.4358443676268,-158,6,,0.37874511550326,
2019-04-25T14:07:26.000Z,40.4268482491309,-158,6,,0.421562105839275,
2019-04-25T14:10:27.000Z,40.4177762644963,-158,6,,0.413653593419033,
2019-04-25T14:13:29.000Z,40.4086981932018,-158,6,,0.378719047582015,
2019-04-25T14:22:33.000Z,40.381895341104,-158,6,,0.27547951137541,
2019-04-25T14:25:26.000Z,40.3729669917655,-158,6,,0.305067860092857,
2019-04-25T14:28:27.000Z,40.3639925919121,-158,6,,0.302939162406312,
2019-04-25T14:31:29.000Z,40.3550292001312,-158,6,,0.296411820643998,
2019-04-25T14:34:30.000Z,40.3460562989086,-158,6,,0.301206412347081,
2019-04-25T14:37:32.000Z,40.3371455639993,-158,6,,0.296920145108276,
2019-04-25T14:40:33.000Z,40.3283333422008,-158,6,,0.287978103323473,
2019-04-25T14:43:26.000Z,40.319490229015,-158,6,,0.27948461598352,
2019-04-25T14:46:27.000Z,40.3106434156162,-158,6,,0.272389858817804,
2019-04-25T14:52:30.000Z,40.2930208493586,-158,6,,0.228117407592466,
2019-04-25T14:55:32.000Z,40.2842019410932,-158,6,,0.233687282299956,
2019-04-25T15:43:29.000Z,40.1414229458183,-158,6,,0.192842353855789,
2019-04-25T15:46:30.000Z,40.1323965414367,-158,6,,0.215877359212923,
2019-04-25T15:49:32.000Z,40.1233317199037,-158,6,,0.233748623555361,
2019-04-25T15:58:27.000Z,40.0959341864523,-158,6,,0.214431748938811,
2019-04-25T16:01:29.000Z,40.0868319910531,-158,6,,0.223241898284345,
2019-04-25T16:04:30.000Z,40.0777777018392,-158,6,,0.229835590283942,
2019-04-25T16:10:33.000Z,40.0597202877072,-158,6,,0.224409245795356,
2019-04-25T16:13:26.000Z,40.0506379421398,-158,6,,0.234535272510864,
2019-04-25T16:16:27.000Z,40.0415480157961,-158,6,,0.238578664910578,
2019-04-25T16:19:29.000Z,40.0325010894446,-158,6,,0.243037441562349,
2019-04-25T16:22:30.000Z,40.0234542679595,-158,6,,0.240374144514318,
2019-04-25T16:25:32.000Z,40.0143855037819,-158,6,,0.238630227831722,
2019-04-25T16:28:33.000Z,40.005371436788,-158,6,,0.234058757819261,
2019-04-25T16:31:26.000Z,39.9963246833758,-158,6,,0.238853667156679,
2019-04-25T16:34:27.000Z,39.9872966501057,-158,6,,0.230272835353335,
2019-04-25T16:37:29.000Z,39.9782466065497,-158,6,,0.224134601625096,
2019-04-25T16:49:26.000Z,39.9427253126933,-158,6,,0.196469679595052,
2019-04-25T16:52:27.000Z,39.9340726925535,-158,6,,0.200837218480433,
2019-04-25T16:55:29.000Z,39.9254278391204,-158,6,,0.202909477095406,
2019-04-25T16:58:30.000Z,39.9167181759609,-158,6,,0.205778201697807,
2019-04-25T17:01:32.000Z,39.9080167471682,-158,6,,0.205722517250653,
2019-04-25T17:04:33.000Z,39.8992943155576,-158,6,,0.214023972170763,
2019-04-25T17:07:26.000Z,39.8904893962605,-158,6,,0.214021823715715,
2019-04-25T17:10:27.000Z,39.8816648418396,-158,6,,0.219581477733679,
2019-04-25T17:13:29.000Z,39.8728151867185,-158,6,,0.223558291658894,
2019-04-25T17:28:27.000Z,39.8283848938664,-158,6,,0.211840509943787,
2019-04-25T17:31:29.000Z,39.8193935243293,-158,6,,0.219136789665381,
2019-04-25T17:34:30.000Z,39.8104896893473,-158,6,,0.22624029820466,
2019-04-25T17:37:32.000Z,39.8016318904325,-158,6,,0.231113247012191,
2019-04-25T17:40:33.000Z,39.7927263053811,-158,6,,0.236026042499341,
2019-04-25T17:43:26.000Z,39.7838135358062,-158,6,,0.23727863897389,
2019-04-25T17:46:27.000Z,39.7749710738994,-158,6,,0.238355457851031,
2019-04-25T17:55:32.000Z,39.7481465905962,-158,6,,0.259582191917992,
2019-04-25T17:58:33.000Z,39.7391202724368,-158,6,,0.253056817775705,
2019-04-25T18:52:33.000Z,39.5733517348808,-158,6,,0.161564232937977,
2019-04-25T19:01:29.000Z,39.54567448784,-158,6,,0.181662705613823,
2019-04-25T19:04:30.000Z,39.5364202068144,-158,6,,0.194280703719449,
2019-04-25T19:07:32.000Z,39.5272391668519,-158,6,,0.195610800078395,
2019-04-25T19:16:27.000Z,39.4997458078517,-158,6,,0.205185682969477,
2019-04-25T19:19:29.000Z,39.4905813377227,-158,6,,0.196033100402565,
2019-04-25T19:22:30.000Z,39.4814541040744,-158,6,,0.200180026851025,
2019-04-25T19:25:32.000Z,39.4723281618891,-158,6,,0.207907783327438,
2019-04-25T19:28:33.000Z,39.4631367717885,-158,6,,0.205387881886577,
2019-04-25T19:31:26.000Z,39.4538547777438,-158,6,,0.19772434273154,
2019-04-25T19:34:27.000Z,39.4445824794603,-158,6,,0.185953073373425,
2019-04-25T19:37:29.000Z,39.4353672368004,-158,6,,0.181555480776832,
2019-04-25T19:40:30.000Z,39.426184036487,-158,6,,0.182725198362492,
2019-04-25T19:49:26.000Z,39.3985273542504,-158,6,,0.155650708076314,
2019-04-25T19:52:27.000Z,39.3893193233769,-158,6,,0.161715642480546,
2019-04-25T19:55:29.000Z,39.3802611159466,-158,6,,0.166772888378348,
2019-04-25T19:58:30.000Z,39.3711987643072,-158,6,,0.175104333762151,
2019-04-25T20:01:32.000Z,39.362091876228,-158,6,,0.180336422106842,
2019-04-25T20:04:33.000Z,39.3529760944915,-158,6,,0.187802777321402,
2019-04-25T20:07:26.000Z,39.3438110460514,-158,6,,0.19604234465699,
2019-04-25T20:10:27.000Z,39.3345241964172,-158,6,,0.204274550374546,
2019-04-25T20:13:29.000Z,39.3252504622117,-158,6,,0.206808505660278,
2019-04-25T20:16:30.000Z,39.3160466819055,-158,6,,0.205515865353767,
2019-04-25T20:28:27.000Z,39.2790303984409,-158,6,,0.177354172307466,
2019-04-25T20:31:29.000Z,39.2697939532833,-158,6,,0.176652959117467,
2019-04-25T20:34:30.000Z,39.2605453219675,-158,6,,0.18347990672757,
2019-04-25T20:37:32.000Z,39.2513166680559,-158,6,,0.179681810602165,
2019-04-25T20:40:33.000Z,39.2420837292589,-158,6,,0.174449978808282,
2019-04-25T20:43:26.000Z,39.2328100548378,-158,6,,0.174396660051719,
2019-04-25T20:46:27.000Z,39.2235046880638,-158,6,,0.182450109838734,
2019-04-25T20:49:29.000Z,39.2142335193248,-158,6,,0.182172520677372,
2019-04-25T21:19:26.000Z,39.1220706732271,-158,6,,0.230881726519848,
2019-04-25T21:22:27.000Z,39.1128850420487,-158,6,,0.232095075931067,
2019-04-25T22:16:27.000Z,38.948338494111,-158,6,,0.159990731316751,
2019-04-25T22:25:32.000Z,38.9205315396661,-158,6,,0.170640896916068,
2019-04-25T22:28:33.000Z,38.9111612490044,-158,6,,0.179966516568442,
2019-04-25T22:31:26.000Z,38.901715239822,-158,6,,0.190265014228784,
2019-04-25T22:52:27.000Z,38.835985813513,-158,6,,0.230401572515916,
2019-04-25T22:55:29.000Z,38.8265694571517,-158,6,,0.229376392267679,
2019-04-25T22:58:30.000Z,38.8172288572242,-158,6,,0.229332668258599,
2019-04-25T23:01:32.000Z,38.8079019740985,-158,6,,0.224239608125105,
2019-04-25T23:04:33.000Z,38.7985808083743,-158,6,,0.218760510639785,
2019-04-25T23:07:26.000Z,38.7891998025339,-158,6,,0.220219848730916,
2019-04-25T23:16:30.000Z,38.7609769391042,-158,6,,0.187781937307439,
2019-04-25T23:19:32.000Z,38.7517257567858,-158,6,,0.19375732790877,
2019-04-25T23:22:33.000Z,38.7424532363457,-158,6,,0.200443320017117,
2019-04-25T23:25:26.000Z,38.7332219187992,-158,6,,0.206193761294424,
2019-04-25T23:28:27.000Z,38.7240732031073,-158,6,,0.206399911636781,
2019-04-25T23:31:29.000Z,38.7148787592657,-158,6,,0.210797262005598,
2019-04-25T23:34:30.000Z,38.7056651718093,-158,6,,0.214999493593269,
2019-04-25T23:37:32.000Z,38.6964514926832,-158,6,,0.211295682092108,
2019-04-25T23:40:33.000Z,38.6872544345482,-158,6,,0.204099990508251,
2019-04-25T23:49:29.000Z,38.6595634430382,-158,6,,0.165975297611515,
2019-04-25T23:52:30.000Z,38.6503348055548,-158,6,,0.188956558399208,
2019-04-25T23:55:32.000Z,38.6411205447539,-158,6,,0.205940679370342,
2019-04-25T23:58:33.000Z,35.1062361969694,-158,6,,0.199958843403868,
2019-04-26T00:01:26.000Z,38.6226659935978,-158,6,,0.198542474413692,
2019-04-26T00:04:27.000Z,38.6134599200187,-158,6,,0.198368642105047,
2019-04-26T00:07:29.000Z,38.6041900664668,-158,6,,0.202970977380701,
2019-04-26T00:10:30.000Z,38.5949695243995,-158,6,,0.191553013029862,
2019-04-26T00:13:32.000Z,38.5856292257039,-158,6,,0.191372900881699,
2019-04-26T01:10:33.000Z,38.4099238137824,-158,6,,0.144961729063198,
2019-04-26T01:13:26.000Z,38.4007122894153,-158,6,,0.153662981014456,
2019-04-26T01:16:27.000Z,38.3914783531552,-158,6,,0.151107344940852,
2019-04-26T01:25:32.000Z,38.3638204884382,-158,6,,0.151186872789475,
2019-04-26T01:28:33.000Z,38.3545230950727,-158,6,,0.159318525437676,
2019-04-26T01:31:26.000Z,38.3452534312047,-158,6,,0.163198412300885,
2019-04-26T01:37:29.000Z,38.3268575574813,-158,6,,0.151108948324897,
2019-04-26T01:40:30.000Z,38.3176735508305,-158,6,,0.154891370322182,
2019-04-26T01:43:32.000Z,38.3085146351718,-158,6,,0.162249869397338,
2019-04-26T01:46:33.000Z,38.299338037282,-158,6,,0.168984384160253,
2019-04-26T01:49:26.000Z,38.290178923691,-158,6,,0.1689116913864,
2019-04-26T01:52:27.000Z,38.2810113101788,-158,6,,0.16546574177171,
2019-04-26T01:55:29.000Z,38.2719038137608,-158,6,,0.166937261197591,
2019-04-26T01:58:30.000Z,38.2628396477648,-158,6,,0.168096423635362,
2019-04-26T02:01:32.000Z,38.2537629968024,-158,6,,0.166952300382925,
2019-04-26T02:04:33.000Z,38.2447211825731,-158,6,,0.172887977118224,
2019-04-26T02:13:29.000Z,38.2176270384366,-158,6,,0.169913322614175,
2019-04-26T02:16:30.000Z,38.208542467227,-158,6,,0.17029851911967,
2019-04-26T02:19:32.000Z,38.1995056058782,-158,6,,0.177594135347794,
2019-04-26T02:22:33.000Z,38.1904810777623,-158,6,,0.17425113929362,
2019-04-26T02:25:26.000Z,38.1814811912553,-158,6,,0.18034952894643,
2019-04-26T02:28:27.000Z,38.1724137927063,-158,6,,0.189426837461036,
2019-04-26T02:31:29.000Z,38.1633936783798,-158,6,,0.203757656086324,
2019-04-26T02:34:30.000Z,38.1544336544704,-158,6,,0.208808785975967,
2019-04-26T02:37:32.000Z,38.145469532509,-158,6,,0.200907021070056,
2019-04-26T02:40:33.000Z,38.1364897604775,-158,6,,0.198468908243639,
2019-04-26T02:49:29.000Z,38.1098497650937,-158,6,,0.180486099072294,
2019-04-26T02:52:30.000Z,38.1010885982426,-158,6,,0.186943319903722,
2019-04-26T02:55:32.000Z,38.092430602476,-158,6,,0.191779602771175,
2019-04-26T02:58:33.000Z,38.0837510096786,-158,6,,0.195289303474682,
2019-04-26T03:01:26.000Z,38.0750600085124,-158,6,,0.185695959332556,
2019-04-26T03:04:27.000Z,38.0664324089954,-158,6,,0.182687585152057,
2019-04-26T03:07:29.000Z,38.0577498218487,-158,6,,0.183164876601962,
2019-04-26T03:10:30.000Z,38.0491146193472,-158,6,,0.189656601560434,
2019-04-26T03:22:27.000Z,38.0145589831435,-158,6,,0.126159680441403,
2019-04-26T03:25:29.000Z,38.0059792616406,-158,6,,0.133954919890862,
2019-04-26T04:13:26.000Z,37.8672461688988,-158,6,,0.188007064924883,
2019-04-26T04:16:27.000Z,37.8587118479624,-158,6,,0.191409859644551,
2019-04-26T04:19:29.000Z,37.8501776173112,-158,6,,0.198893860863135,
2019-04-26T04:28:33.000Z,37.8245405077336,-158,6,,0.218827461893328,
2019-04-26T04:31:26.000Z,37.8159393946328,-158,6,,0.228825202047666,
2019-04-26T04:34:27.000Z,37.8073068823817,-158,6,,0.232368126031936,
2019-04-26T04:40:30.000Z,37.7901989038066,-158,6,,0.226698743789327,
2019-04-26T04:43:32.000Z,37.7815888741194,-158,6,,0.237494015480574,
2019-04-26T04:46:33.000Z,37.7729719484942,-158,6,,0.241772450889347,
2019-04-26T04:49:26.000Z,37.7644112617648,-158,6,,0.241402095749173,
2019-04-26T04:52:27.000Z,37.7559064301658,-158,6,,0.245754419769987,
2019-04-26T04:55:29.000Z,37.7473207407837,-158,6,,0.248500510152897,
2019-04-26T04:58:30.000Z,37.7386688126339,-158,6,,0.251372822269858,
2019-04-26T05:01:32.000Z,37.7299639305409,-158,6,,0.257979321541442,
2019-04-26T05:04:33.000Z,37.721221365926,-158,6,,0.26496701641779,
2019-04-26T05:07:26.000Z,37.71249297729,-158,6,,0.262714472916742,
2019-04-26T05:16:30.000Z,37.6864230375358,-158,6,,0.237243239091979,
2019-04-26T05:19:32.000Z,37.6777152955813,-158,6,,0.242400336877029,
2019-04-26T05:22:33.000Z,37.6690080245727,-158,6,,0.244875894205706,
2019-04-26T05:25:26.000Z,37.6602649387121,-158,6,,0.241481669659711,
2019-04-26T05:28:27.000Z,37.6514993691851,-158,6,,0.238353184680981,
2019-04-26T05:31:29.000Z,37.6427792188694,-158,6,,0.238387559961744,
2019-04-26T05:34:30.000Z,37.634041782418,-158,6,,0.236111748147168,
2019-04-26T05:37:32.000Z,37.6253397013059,-158,6,,0.237440091285722,
2019-04-26T05:40:33.000Z,37.6166533194789,-158,6,,0.238286024397457,
2019-04-26T05:43:26.000Z,37.6079136721404,-158,6,,0.235043475163458,
2019-04-26T05:52:30.000Z,37.5814576081898,-158,6,,0.209680236113779,
2019-04-26T05:55:32.000Z,37.5725890410508,-158,6,,0.226176075900114,
2019-04-26T05:58:33.000Z,37.5637155965083,-158,6,,0.229706727341635,
2019-04-26T06:01:26.000Z,37.5548945744111,-158,6,,0.227698458985826,
2019-04-26T06:04:27.000Z,37.5460886651601,-158,6,,0.222931989851908,
2019-04-26T06:07:29.000Z,37.5373245945695,-158,6,,0.223666345975112,
2019-04-26T06:10:30.000Z,37.5285845424238,-158,6,,0.225163221224245,
2019-04-26T06:13:32.000Z,37.5197033519697,-158,6,,0.226833526791219,
2019-04-26T06:28:30.000Z,37.4758722662468,-158,6,,0.161760221145867,
2019-04-26T06:31:32.000Z,37.4672855986529,-158,6,,0.16373047719344,
2019-04-26T07:19:29.000Z,37.3276219359825,-158,6,,0.132298150155026,
2019-04-26T07:22:30.000Z,37.318894424844,-158,6,,0.136257874418543,
2019-04-26T07:25:32.000Z,37.3101389110139,-158,6,,0.144148649058845,
2019-04-26T07:31:26.000Z,37.2927565417685,-158,6,,0.138530511326165,
2019-04-26T07:34:27.000Z,37.2840358963051,-158,6,,0.143834279533486,
2019-04-26T07:37:29.000Z,37.2753774985127,-158,6,,0.143382166881381,
2019-04-26T07:46:33.000Z,37.2494252374471,-158,6,,0.142757903554605,
2019-04-26T07:49:26.000Z,37.2407868560017,-158,6,,0.143684478505288,
2019-04-26T07:52:27.000Z,37.232135921506,-158,6,,0.151337574634183,
2019-04-26T07:55:29.000Z,37.2234433914398,-158,6,,0.148279331684896,
2019-04-26T07:58:30.000Z,37.214674950778,-158,6,,0.152486736332211,
2019-04-26T08:01:32.000Z,37.2059217371724,-158,6,,0.153902477000628,
2019-04-26T08:04:33.000Z,37.1972196983298,-158,6,,0.154696361543408,
2019-04-26T08:07:26.000Z,37.1885986177951,-158,6,,0.151712664193291,
2019-04-26T08:10:27.000Z,37.1799839659535,-158,6,,0.15118307002404,
2019-04-26T08:13:29.000Z,37.1713624781884,-158,6,,0.149714780036879,
2019-04-26T08:25:26.000Z,37.1371982124919,-158,6,,0.166920346044192,
2019-04-26T08:28:27.000Z,37.1286038103686,-158,6,,0.166868545712883,
2019-04-26T08:31:29.000Z,37.1200790065715,-158,6,,0.167760642582947,
2019-04-26T08:34:30.000Z,37.111546609789,-158,6,,0.176183540985575,
2019-04-26T08:37:32.000Z,37.1029794819858,-158,6,,0.186496733288302,
2019-04-26T08:40:33.000Z,37.0945328710197,-158,6,,0.189230597576982,
2019-04-26T08:43:26.000Z,37.0860641623846,-158,6,,0.192755464563597,
2019-04-26T08:46:27.000Z,37.0776615334097,-158,6,,0.191956449918712,
2019-04-26T08:49:29.000Z,37.069209969923,-158,6,,0.200440161788198,
2019-04-26T08:58:33.000Z,37.0439734796703,-158,6,,0.172786054085238,
2019-04-26T09:01:26.000Z,37.0355181843625,-158,6,,0.179753869784464,
2019-04-26T09:04:27.000Z,37.0270371116653,-158,6,,0.175239836822007,
2019-04-26T09:07:29.000Z,37.0185063133386,-158,6,,0.179660025267981,
2019-04-26T09:10:30.000Z,37.0100098535025,-158,6,,0.178274142854932,
2019-04-26T09:13:32.000Z,37.001512172534,-158,6,,0.187504092781689,
2019-04-26T09:16:33.000Z,36.9931540692415,-158,6,,0.180624314154726,
2019-04-26T09:19:26.000Z,36.9847306095783,-158,6,,0.181382512452335,
2019-04-26T09:22:27.000Z,36.9763247913309,-158,6,,0.174179058626771,
2019-04-26T09:28:30.000Z,36.959487021144,-158,6,,0.161156619799736,
2019-04-26T09:31:32.000Z,36.9511131173065,-158,6,,0.161710031127802,
2019-04-26T10:19:29.000Z,36.8163674109072,-158,6,,0.200729120745514,
2019-04-26T10:22:30.000Z,36.8078768157729,-158,6,,0.19258486477356,
2019-04-26T10:25:32.000Z,36.7993407942909,-158,6,,0.194642726633387,
2019-04-26T10:34:27.000Z,36.7736547394222,-158,6,,0.212308002093833,
2019-04-26T10:37:29.000Z,36.7650758611846,-158,6,,0.218317985107022,
2019-04-26T10:40:30.000Z,36.7564757136056,-158,6,,0.221583790240555,
2019-04-26T10:46:33.000Z,36.7392605277052,-158,6,,0.212606317362793,
2019-04-26T10:49:26.000Z,36.7305963285517,-158,6,,0.21664355928335,
2019-04-26T10:52:27.000Z,36.7219268695008,-158,6,,0.215888619561869,
2019-04-26T10:55:29.000Z,36.7132379433076,-158,6,,0.220781725932937,
2019-04-26T10:58:30.000Z,36.7044174836421,-158,6,,0.227592328434049,
2019-04-26T11:01:32.000Z,36.6956249101625,-158,6,,0.226375228649545,
2019-04-26T11:04:33.000Z,36.6867869618073,-158,6,,0.218173501505066,
2019-04-26T11:07:26.000Z,36.678010150274,-158,6,,0.216214726217367,
2019-04-26T11:10:27.000Z,36.6691865484533,-158,6,,0.209205850136093,
2019-04-26T11:13:29.000Z,36.6603433451422,-158,6,,0.203865051771414,
2019-04-26T11:22:33.000Z,36.6338090755233,-158,6,,0.200815596061183,
2019-04-26T11:25:26.000Z,36.6250653776983,-158,6,,0.225807857479039,
2019-04-26T11:28:27.000Z,36.6162364486578,-158,6,,0.247031549705363,
2019-04-26T11:31:29.000Z,36.6073271347211,-158,6,,0.26738181070167,
2019-04-26T11:34:30.000Z,36.59837819676,-158,6,,0.282107226813615,
2019-04-26T11:37:32.000Z,36.5893948001297,-158,6,,0.264725182845372,
2019-04-26T11:40:33.000Z,36.5804340646175,-158,6,,0.246216411115977,
2019-04-26T11:43:26.000Z,36.5715769760126,-158,6,,0.233686284265412,
2019-04-26T11:46:27.000Z,36.5627138922069,-158,6,,0.22393545784171,
2019-04-26T11:49:29.000Z,36.5538819092711,-158,6,,0.220811195574675,
2019-04-26T12:10:30.000Z,36.4920989020569,-158,6,,0.177967651617894,
2019-04-26T13:01:29.000Z,36.3420490312525,-158,6,,0.155009696764415,
2019-04-26T13:04:30.000Z,36.333126165705,-158,6,,0.153331717564601,
2019-04-26T13:13:26.000Z,36.3065387305015,-158,6,,0.135559675925729,
2019-04-26T13:16:27.000Z,36.2976572934442,-158,6,,0.143059416867932,
2019-04-26T13:19:29.000Z,36.2887859531074,-158,6,,0.144450925163984,
2019-04-26T13:28:33.000Z,36.2620191382443,-158,6,,0.142418774428404,
2019-04-26T13:31:26.000Z,36.2530873590866,-158,6,,0.144190578450529,
2019-04-26T13:34:27.000Z,36.2440732844605,-158,6,,0.144308358377718,
2019-04-26T13:37:29.000Z,36.2351168966503,-158,6,,0.140593679600298,
2019-04-26T13:40:30.000Z,36.226158229952,-158,6,,0.144992904800171,
2019-04-26T13:43:32.000Z,36.2171808516393,-158,6,,0.1479039397791,
2019-04-26T13:46:33.000Z,36.208220441652,-158,6,,0.148608876256061,
2019-04-26T13:49:26.000Z,36.199265989646,-158,6,,0.149013860032547,
2019-04-26T13:52:27.000Z,36.1902658194869,-158,6,,0.147326897182806,
2019-04-26T13:55:29.000Z,36.1812354173845,-158,6,,0.148561610245013,
2019-04-26T14:04:33.000Z,36.1542596751724,-158,6,,0.140016110024464,
2019-04-26T14:07:26.000Z,36.1453394995894,-158,6,,0.146404024263391,
2019-04-26T14:10:27.000Z,36.1364290211363,-158,6,,0.14884512523753,
2019-04-26T14:13:29.000Z,36.1275021164675,-158,6,,0.153085719461643,
2019-04-26T14:16:30.000Z,36.1186159354003,-158,6,,0.159502759454377,
2019-04-26T14:19:32.000Z,36.1097131451862,-158,6,,0.160275524278669,
2019-04-26T14:22:33.000Z,36.1008045149007,-158,6,,0.162235220699773,
2019-04-26T14:25:26.000Z,36.0919494293075,-158,6,,0.161847656259801,
2019-04-26T14:28:27.000Z,36.0830169900227,-158,6,,0.162552917031864,
2019-04-26T14:37:32.000Z,36.0562159063629,-158,6,,0.140610894265271,
2019-04-26T14:40:33.000Z,36.0473027428931,-158,6,,0.154580507061059,
2019-04-26T14:43:26.000Z,36.0382950660924,-158,6,,0.164326730163485,
2019-04-26T14:46:27.000Z,36.0293337460822,-158,6,,0.16660111305277,
2019-04-26T14:49:29.000Z,36.0203985361852,-158,6,,0.166578554274769,
2019-04-26T14:52:30.000Z,36.0115169463254,-158,6,,0.166752416986079,
2019-04-26T14:55:32.000Z,36.0025465542603,-158,6,,0.163825309131181,
2019-04-26T14:58:33.000Z,35.9935291810688,-158,6,,0.164050359797424,
2019-04-26T15:01:26.000Z,35.9845556058149,-158,6,,0.162973446704781,
2019-04-26T15:07:29.000Z,35.9668877689574,-158,6,,0.125601526883459,
2019-04-26T15:10:30.000Z,35.9581164634482,-158,6,,0.128235628258792,
2019-04-26T16:25:32.000Z,35.7378541810696,-158,6,,0.181399291643711,
2019-04-26T16:28:33.000Z,35.728971616838,-158,6,,0.177650476302755,
2019-04-26T16:31:26.000Z,35.7200090016363,-158,6,,0.183132703010599,
2019-04-26T16:34:27.000Z,35.7110256835626,-158,6,,0.192277814739665,
2019-04-26T16:37:29.000Z,35.7020450206685,-158,6,,0.189770537296369,
2019-04-26T16:40:30.000Z,35.6930782404549,-158,6,,0.190022433516486,
2019-04-26T16:43:32.000Z,35.6840769444036,-158,6,,0.189780022928089,
2019-04-26T16:46:33.000Z,35.6751243357376,-158,6,,0.1830378466934,
2019-04-26T16:49:26.000Z,35.6661881240731,-158,6,,0.18351963773784,
2019-04-26T16:52:27.000Z,35.6572009039548,-158,6,,0.178446727163833,
2019-04-26T17:01:32.000Z,35.6300408898166,-158,6,,0.154347616704049,
2019-04-26T17:04:33.000Z,35.620973124716,-158,6,,0.148731316492213,
2019-04-26T17:07:26.000Z,35.611907614687,-158,6,,0.154555241012683,
2019-04-26T17:10:27.000Z,35.6027324981747,-158,6,,0.156113945149767,
2019-04-26T17:13:29.000Z,35.5934615081041,-158,6,,0.153314619699095,
2019-04-26T17:16:30.000Z,35.5841620411619,-158,6,,0.15368028269452,
2019-04-26T17:19:32.000Z,35.5748387675396,-158,6,,0.151993745482099,
2019-04-26T17:22:33.000Z,35.5655046455373,-158,6,,0.156787559528708,
2019-04-26T17:25:26.000Z,35.5561708303873,-158,6,,0.158342656301126,
2019-04-26T17:28:27.000Z,35.5468105826603,-158,6,,0.155352952606178,
2019-04-26T17:37:32.000Z,35.5190665603872,-158,6,,0.143139962230654,
2019-04-26T17:40:33.000Z,35.5098426471597,-158,6,,0.148966035206171,
2019-04-26T17:43:26.000Z,35.500646835973,-158,6,,0.157324933998452,
2019-04-26T17:46:27.000Z,35.4914972395472,-158,6,,0.150744955985641,
2019-04-26T17:49:29.000Z,35.4823023388974,-158,6,,0.153756342215865,
2019-04-26T17:52:30.000Z,35.4730921303611,-158,6,,0.155258533559881,
2019-04-26T17:55:32.000Z,35.4638046545182,-158,6,,0.15646225815855,
2019-04-26T17:58:33.000Z,35.4544839857368,-158,6,,0.157489591151085,
2019-04-26T18:01:26.000Z,35.4451534768516,-158,6,,0.119536428207323,
2019-04-26T18:04:27.000Z,35.4358390263275,-158,6,,0.120326510523073,
2019-04-26T18:52:33.000Z,35.2853418802322,-158,6,,0.139220300442213,
2019-04-26T18:55:26.000Z,35.2759478729431,-158,6,,0.134649859589796,
2019-04-26T18:58:27.000Z,35.2665032717723,-158,6,,0.134860604907599,
2019-04-26T19:07:32.000Z,35.2381472589608,-158,6,,0.13461570472836,
2019-04-26T19:10:33.000Z,35.2287232324527,-158,6,,0.131331996405991,
2019-04-26T19:13:26.000Z,35.2192210970532,-158,6,,0.132965776701666,
2019-04-26T19:19:29.000Z,35.2003766043924,-158,6,,0.0947152689752435,
2019-04-26T19:22:30.000Z,35.1909686572265,-158,6,,0.0979014683478256,
2019-04-26T19:25:32.000Z,35.1815076488461,-158,6,,0.100233352812301,
2019-04-26T19:28:33.000Z,35.1719956329536,-158,6,,0.0960465003670454,
2019-04-26T19:31:26.000Z,35.1624632065064,-158,6,,0.0932274638547332,
2019-04-26T19:34:27.000Z,35.1529262843213,-158,6,,0.0935038240865724,
2019-04-26T19:37:29.000Z,35.1433989754261,-158,6,,0.0937515044703701,
2019-04-26T19:40:30.000Z,35.1339409859791,-158,6,,0.0898441842684157,
2019-04-26T19:43:32.000Z,35.1244847907536,-158,6,,0.0901248312761285,
2019-04-26T19:46:33.000Z,35.115070557347,-158,6,,0.0911864315594471,
2019-04-26T19:55:29.000Z,35.0872555045514,-158,6,,0.0945550897155788,
2019-04-26T19:58:30.000Z,35.0779223619555,-158,6,,0.0964318845583325,
2019-04-26T20:01:32.000Z,35.0686271521696,-158,6,,0.0995525155150724,
2019-04-26T20:04:33.000Z,35.0593205182018,-158,6,,0.105344000391167,
2019-04-26T20:07:26.000Z,35.0500579042466,-158,6,,0.11257047082311,
2019-04-26T20:10:27.000Z,35.040726478369,-158,6,,0.127285310384152,
2019-04-26T20:13:29.000Z,35.0314392852644,-158,6,,0.129529908795205,
2019-04-26T20:16:30.000Z,35.0221534594517,-158,6,,0.133879456039212,
2019-04-26T20:19:32.000Z,35.0129386121731,-158,6,,0.133335686279304,
2019-04-26T20:22:33.000Z,35.0037858022506,-158,6,,0.129127625933636,
2019-04-26T20:34:30.000Z,34.9669596901477,-158,6,,0.123169859932905,
2019-04-26T20:37:32.000Z,34.9577371835695,-158,6,,0.126047800276695,
2019-04-26T20:40:33.000Z,34.9485136155059,-158,6,,0.12578031762326,
2019-04-26T20:43:26.000Z,34.9392556527924,-158,6,,0.125190029598912,
2019-04-26T20:46:27.000Z,34.9299714206724,-158,6,,0.124347298106464,
2019-04-26T20:49:29.000Z,34.9206446329312,-158,6,,0.125294229668725,
2019-04-26T20:52:30.000Z,34.9113809946829,-158,6,,0.124873132479381,
2019-04-26T21:10:30.000Z,34.8561278296834,-158,6,,0.0883879399525549,
2019-04-26T21:13:32.000Z,34.8470068636319,-158,6,,0.0897044373779415,
2019-04-26T22:16:27.000Z,34.6596203918758,-158,6,,0.0951812473905338,
2019-04-26T22:19:29.000Z,34.6507801311661,-158,6,,0.0950352598700447,
2019-04-26T22:22:30.000Z,34.6419655897063,-158,6,,0.0962973578519361,
2019-04-26T22:28:33.000Z,34.6242508642679,-158,6,,0.0931680989725444,
2019-04-26T22:31:26.000Z,34.6153675387222,-158,6,,0.0989475965118508,
2019-04-26T22:34:27.000Z,34.6065318372851,-158,6,,0.10149083017453,
2019-04-26T22:37:29.000Z,34.5976816220524,-158,6,,0.0997907637758419,
2019-04-26T22:40:30.000Z,34.5888565735058,-158,6,,0.102662812403034,
2019-04-26T22:43:32.000Z,34.5800057825623,-158,6,,0.102547870057983,
2019-04-26T22:46:33.000Z,34.5711948075978,-158,6,,0.103697325103413,
2019-04-26T22:49:26.000Z,34.5623629748317,-158,6,,0.101702368189289,
2019-04-26T22:52:27.000Z,34.553508743262,-158,6,,0.100796879194132,
2019-04-26T22:55:29.000Z,34.5446260015792,-158,6,,0.0961090350875537,
2019-04-26T23:07:26.000Z,34.5088141579567,-158,6,,0.091620981146611,
2019-04-26T23:10:27.000Z,34.4997800673358,-158,6,,0.0957043063102977,
2019-04-26T23:13:29.000Z,34.4907030776142,-158,6,,0.096033217239687,
2019-04-26T23:16:30.000Z,34.4815606562625,-158,6,,0.0952882189673577,
2019-04-26T23:19:32.000Z,34.4724025558705,-158,6,,0.0993380676851227,
2019-04-26T23:22:33.000Z,34.4632349338867,-158,6,,0.101376951525361,
2019-04-26T23:25:26.000Z,34.4540824103053,-158,6,,0.100637356406843,
2019-04-26T23:28:27.000Z,34.4448241252316,-158,6,,0.091065215725658,
2019-04-26T23:31:29.000Z,34.4355217830053,-158,6,,0.0811335472056582,
2019-04-26T23:40:33.000Z,34.4076429481376,-158,6,,0.0819487516178079,
2019-04-26T23:43:26.000Z,34.3984154585039,-158,6,,0.0723778677828269,
2019-04-26T23:46:27.000Z,34.3892157916783,-158,6,,0.0804014977695584,
2019-04-26T23:49:29.000Z,34.3800140639337,-158,6,,0.081028810022085,
2019-04-26T23:52:30.000Z,34.3707937985868,-158,6,,0.0837190893193637,
2019-04-26T23:55:32.000Z,34.361587786531,-158,6,,0.08390762194978,
2019-04-26T23:58:33.000Z,30.2545998663815,-158,6,,0.0858681439813057,
2019-04-27T00:01:26.000Z,34.3432838102505,-158,6,,0.0866474086724895,
2019-04-27T00:04:27.000Z,34.3341694732148,-158,6,,0.0855875598012744,
2019-04-27T00:10:30.000Z,34.3158343131819,-158,6,,0.112865175028478,
2019-04-27T00:13:32.000Z,34.3066895227648,-158,6,,0.11250625282612,
2019-04-27T01:01:29.000Z,34.1596475400775,-158,6,,0.113413617007919,
2019-04-27T01:04:30.000Z,34.1503514094579,-158,6,,0.107320514239589,
2019-04-27T01:07:32.000Z,34.1410351521719,-158,6,,0.103237314508751,
2019-04-27T01:16:27.000Z,34.1130396834522,-158,6,,0.100951796475055,
2019-04-27T01:19:29.000Z,34.1037253194167,-158,6,,0.105420918324823,
2019-04-27T01:22:30.000Z,34.094393408429,-158,6,,0.106762307102484,
2019-04-27T01:28:33.000Z,34.0755861318422,-158,6,,0.100942909683722,
2019-04-27T01:31:26.000Z,34.0662099026111,-158,6,,0.105137231050534,
2019-04-27T01:34:27.000Z,34.0569523511516,-158,6,,0.106630407308664,
2019-04-27T01:37:29.000Z,34.0477091359791,-158,6,,0.103985953037419,
2019-04-27T01:40:30.000Z,34.0384059858001,-158,6,,0.0986317091661901,
2019-04-27T01:43:32.000Z,34.0290585081365,-158,6,,0.0961480951310849,
2019-04-27T01:46:33.000Z,34.0197373032594,-158,6,,0.092808458670833,
2019-04-27T01:49:26.000Z,34.0104891910654,-158,6,,0.093009462200195,
2019-04-27T01:52:27.000Z,34.0012643136056,-158,6,,0.0877320595956009,
2019-04-27T01:55:29.000Z,33.9920487296113,-158,6,,0.0868061504161617,
2019-04-27T02:07:26.000Z,33.9551994221149,-158,6,,0.0844159192295231,
2019-04-27T02:10:27.000Z,33.9459554720601,-158,6,,0.0875677027844544,
2019-04-27T02:13:29.000Z,33.9367238758451,-158,6,,0.0902935551261846,
2019-04-27T02:16:30.000Z,33.9274919189845,-158,6,,0.0902108396068495,
2019-04-27T02:19:32.000Z,33.9182876124278,-158,6,,0.0905878934677158,
2019-04-27T02:22:33.000Z,33.9090785003705,-158,6,,0.0891059965985859,
2019-04-27T02:25:26.000Z,33.8998099569904,-158,6,,0.0868501187985328,
2019-04-27T02:28:27.000Z,33.890499898958,-158,6,,0.084754237709677,
2019-04-27T02:31:29.000Z,33.8812906209842,-158,6,,0.0836411249549037,
2019-04-27T02:52:30.000Z,33.8167242765436,-158,6,,0.0927354077524943,
2019-04-27T02:55:32.000Z,33.8076500185383,-158,6,,0.0948958130746559,
2019-04-27T02:58:33.000Z,33.7985734440585,-158,6,,0.0919806793659707,
2019-04-27T03:46:30.000Z,33.6544167584669,-158,6,,0.0917332823800598,
2019-04-27T03:49:32.000Z,33.645472275619,-158,6,,0.0845242274058067,
2019-04-27T03:52:33.000Z,33.6365503266625,-158,6,,0.0831296115229877,
2019-04-27T03:58:27.000Z,33.6185944540968,-158,6,,0.0717883201616614,
2019-04-27T04:01:29.000Z,33.6095686910554,-158,6,,0.0789272790537451,
2019-04-27T04:04:30.000Z,33.6005550417354,-158,6,,0.0806745153253221,
2019-04-27T04:13:26.000Z,33.5734258346014,-158,6,,0.0756256846742004,
2019-04-27T04:16:27.000Z,33.5643348630978,-158,6,,0.076764544887386,
2019-04-27T04:19:29.000Z,33.555224798471,-158,6,,0.0757912238112387,
2019-04-27T04:22:30.000Z,33.5461497746118,-158,6,,0.0784013534728308,
2019-04-27T04:25:32.000Z,33.5370045741186,-158,6,,0.0775712897577863,
2019-04-27T04:28:33.000Z,33.5278176538853,-158,6,,0.0807869898503855,
2019-04-27T04:31:26.000Z,33.5185951862925,-158,6,,0.0744501466693196,
2019-04-27T04:34:27.000Z,33.5093875303703,-158,6,,0.0738192973713757,
2019-04-27T04:37:29.000Z,33.5002376690238,-158,6,,0.0755307945762621,
2019-04-27T04:40:30.000Z,33.4911588899139,-158,6,,0.0767446000630265,
2019-04-27T04:49:26.000Z,33.4638444107962,-158,6,,0.066939464640298,
2019-04-27T04:52:27.000Z,33.4547319790683,-158,6,,0.0728688587721998,
2019-04-27T04:55:29.000Z,33.4455895264919,-158,6,,0.0716467880524864,
2019-04-27T04:58:30.000Z,33.4364010293677,-158,6,,0.0692266903526378,
2019-04-27T05:01:32.000Z,33.4272239229207,-158,6,,0.0715799753131609,
2019-04-27T05:04:33.000Z,33.4179941600746,-158,6,,0.0716659556416371,
2019-04-27T05:07:26.000Z,33.4087498089778,-158,6,,0.0704348487727533,
2019-04-27T05:10:27.000Z,33.3995184404017,-158,6,,0.0706226911464305,
2019-04-27T05:13:29.000Z,33.3902741101695,-158,6,,0.0689123945487773,
2019-04-27T05:16:30.000Z,33.3810402333704,-158,6,,0.0674582134518711,
2019-04-27T05:25:26.000Z,33.3533210843575,-158,6,,0.0592195090088506,
2019-04-27T05:28:27.000Z,33.3440403508297,-158,6,,0.0693800837240558,
2019-04-27T05:31:29.000Z,33.3347565604095,-158,6,,0.0717645318144127,
2019-04-27T05:34:30.000Z,33.3255148851672,-158,6,,0.0698545763403191,
2019-04-27T05:37:32.000Z,33.3163558523201,-158,6,,0.0746214609773359,
2019-04-27T05:40:33.000Z,33.3071763692492,-158,6,,0.0807125100753997,
2019-04-27T05:43:26.000Z,33.2979733649007,-158,6,,0.0748078394527212,
2019-04-27T05:46:27.000Z,33.2887580959649,-158,6,,0.0813575581266166,
2019-04-27T05:49:29.000Z,33.2795545216596,-158,6,,0.0773795401447813,
2019-04-27T06:43:29.000Z,33.1134352164027,-158,6,,0.091567672142318,
2019-04-27T06:46:30.000Z,33.104175579641,-158,6,,0.0764466476968079,
2019-04-27T06:49:32.000Z,33.0949546699562,-158,6,,0.0809914509946048,
2019-04-27T06:58:27.000Z,33.0668520322127,-158,6,,0.0678533350617444,
2019-04-27T07:01:29.000Z,33.0574361400127,-158,6,,0.0707752938873882,
2019-04-27T07:04:30.000Z,33.0480659037966,-158,6,,0.0671358853542634,
2019-04-27T07:10:33.000Z,33.029401813635,-158,6,,0.082077725212814,
2019-04-27T07:13:26.000Z,33.0200611877945,-158,6,,0.0719357577281584,
2019-04-27T07:16:27.000Z,33.0107296209981,-158,6,,0.066100458388098,
2019-04-27T07:19:29.000Z,33.0014187313899,-158,6,,0.0679709105974899,
2019-04-27T07:22:30.000Z,32.9921037968132,-158,6,,0.066762344690331,
2019-04-27T07:25:32.000Z,32.9827456730303,-158,6,,0.0609144527350128,
2019-04-27T07:28:33.000Z,32.9733848384273,-158,6,,0.0596411789583891,
2019-04-27T07:31:26.000Z,32.9640831733414,-158,6,,0.0568741006018758,
2019-04-27T07:34:27.000Z,32.9548651780433,-158,6,,0.0617117525105808,
2019-04-27T07:37:29.000Z,32.9456768071609,-158,6,,0.0655001232961363,
2019-04-27T07:46:33.000Z,32.9180694108773,-158,6,,0.0513749493339569,
2019-04-27T07:49:26.000Z,32.9088697391189,-158,6,,0.0582699275242139,
2019-04-27T07:52:27.000Z,32.8996179239604,-158,6,,0.0549994418278991,
2019-04-27T07:55:29.000Z,32.8903977696961,-158,6,,0.0568570114082219,
2019-04-27T07:58:30.000Z,32.8811381810356,-158,6,,0.0615404132205292,
2019-04-27T08:01:32.000Z,32.8719130947786,-158,6,,0.0639959604286645,
2019-04-27T08:04:33.000Z,32.8626775450102,-158,6,,0.0620839723475894,
2019-04-27T08:07:26.000Z,32.8534425925975,-158,6,,0.0506794147775129,
2019-04-27T08:10:27.000Z,32.8441908588844,-158,6,,0.0531888313364762,
2019-04-27T08:13:29.000Z,32.834892658933,-158,6,,0.0512027994904098,
2019-04-27T08:25:26.000Z,32.7977945266239,-158,6,,0.0508268628261689,
2019-04-27T08:31:29.000Z,32.7791823474707,-158,6,,0.0523913543113797,
2019-04-27T08:34:30.000Z,32.769875667853,-158,6,,0.0535523625685125,
2019-04-27T08:37:32.000Z,32.7606222998055,-158,6,,0.0537150132535921,
2019-04-27T08:40:33.000Z,32.7514026671267,-158,6,,0.0554882890727408,
2019-04-27T08:43:26.000Z,32.742167076316,-158,6,,0.0563699981736762,
2019-04-27T08:46:27.000Z,32.7329841567843,-158,6,,0.0547830780916946,
2019-04-27T08:49:29.000Z,32.7238306862037,-158,6,,0.0552182440660301,
2019-04-27T08:52:30.000Z,32.7146948380522,-158,6,,0.0540258650268689,
2019-04-27T12:37:26.000Z,32.0326602837895,-158,6,,0.0799234194290525,
2019-04-27T12:40:27.000Z,32.0232937675959,-158,6,,0.0747188241184016,
2019-04-27T12:43:29.000Z,32.0138899850422,-158,6,,0.0724442737637591,
2019-04-27T12:52:33.000Z,31.9858906252061,-158,6,,0.0640532032576138,
2019-04-27T12:55:26.000Z,31.9765735459418,-158,6,,0.0663410487652367,
2019-04-27T12:58:27.000Z,31.9672845562934,-158,6,,0.0638497529899128,
2019-04-27T13:04:30.000Z,31.9488642315396,-158,6,,0.0557978523158642,
2019-04-27T13:07:32.000Z,31.9396620732611,-158,6,,0.058302979170592,
2019-04-27T13:10:33.000Z,31.9304434319765,-158,6,,0.0586824551104982,
2019-04-27T13:13:26.000Z,31.9212012426407,-158,6,,0.0602048990015417,
2019-04-27T13:16:27.000Z,31.9119418618358,-158,6,,0.0624903180585002,
2019-04-27T13:19:29.000Z,31.9026308677279,-158,6,,0.064023240735012,
2019-04-27T13:22:30.000Z,31.8933472445039,-158,6,,0.0631096102259907,
2019-04-27T13:25:32.000Z,31.8840723026643,-158,6,,0.0632409402547557,
2019-04-27T13:28:33.000Z,31.8747564034917,-158,6,,0.0639076078151252,
2019-04-27T13:31:26.000Z,31.8654267197732,-158,6,,0.0689684471409858,
2019-04-27T13:40:30.000Z,31.8374980301519,-158,6,,0.0771862876983218,
2019-04-27T13:43:32.000Z,31.8281610722323,-158,6,,0.0807385169665256,
2019-04-27T13:46:33.000Z,31.8188275046317,-158,6,,0.0817167798250058,
2019-04-27T13:49:26.000Z,31.8094476697254,-158,6,,0.0800088521121247,
2019-04-27T13:52:27.000Z,31.8000434867556,-158,6,,0.0789842075606642,
2019-04-27T13:55:29.000Z,31.7907017322242,-158,6,,0.0782164087038248,
2019-04-27T13:58:30.000Z,31.7813770008042,-158,6,,0.0778122463954455,
2019-04-27T14:01:32.000Z,31.7720707150304,-158,6,,0.0766687627912509,
2019-04-27T14:04:33.000Z,31.7627416968764,-158,6,,0.0777893669874431,
2019-04-27T18:04:27.000Z,31.0046388227664,-158,6,,0.0627274741683567,
2019-04-27T18:07:29.000Z,30.9947892368837,-158,6,,0.0615444750937184,
2019-04-27T18:55:26.000Z,30.8374724600985,-158,6,,0.08602173312638,
2019-04-27T18:58:27.000Z,30.8276647422495,-158,6,,0.0813448482622115,
2019-04-27T19:01:29.000Z,30.8178034493339,-158,6,,0.0733182765053516,
2019-04-27T19:13:26.000Z,30.7779125851944,-158,6,,0.05179750068938,
2019-04-27T19:16:27.000Z,30.7679640227409,-158,6,,0.0522062442621999,
2019-04-27T19:37:29.000Z,30.6982536066014,-158,6,,0.050960788924754,
2019-04-27T19:40:30.000Z,30.6883783802129,-158,6,,0.0507283909476168,
2019-04-27T19:58:30.000Z,30.629089734138,-158,6,,0.0547969741275395,
2019-04-27T20:01:32.000Z,30.619297723975,-158,6,,0.0598482988667597,
2019-04-27T20:04:33.000Z,30.6095260606712,-158,6,,0.0757543858121809,
2019-04-27T20:07:26.000Z,30.5998038856617,-158,6,,0.0611191100274563,
2019-04-27T20:16:30.000Z,30.5706666326634,-158,6,,0.085251631350404,
2019-04-27T20:19:32.000Z,30.5609914558934,-158,6,,0.0529664975646491,

