Exp,Treatment,Samp_ID,Vol_Filt_L,Spike_time,Filt_time_start,Filt_time_end,Local_Date,Cruise
UCH1,Glucose,TN397_UCH1_Gluc_A,2,2021-11-23T14:44:00Z,2021-11-23T15:15:00Z,2021-11-23T15:30:00Z,23/11/21,TN397
UCH1,Glucose,TN397_UCH1_Gluc_B,2,2021-11-23T14:44:00Z,2021-11-23T15:15:00Z,2021-11-23T15:35:00Z,23/11/21,TN397
UCH1,Glucose,TN397_UCH1_Gluc_C,2,2021-11-23T14:44:00Z,2021-11-23T15:15:00Z,2021-11-23T15:30:00Z,23/11/21,TN397
UCH1,Homarine,TN397_UCH1_Hom_A,2,2021-11-23T14:42:00Z,2021-11-23T15:13:00Z,2021-11-23T15:21:00Z,23/11/21,TN397
UCH1,Homarine,TN397_UCH1_Hom_B,2,2021-11-23T14:42:00Z,2021-11-23T15:13:00Z,2021-11-23T15:23:00Z,23/11/21,TN397
UCH1,Homarine,TN397_UCH1_Hom_C,2,2021-11-23T14:42:00Z,2021-11-23T15:13:00Z,2021-11-23T15:20:00Z,23/11/21,TN397
UCH1,DMSP,TN397_UCH1_DMSP_A,2,2021-11-23T15:20:00Z,2021-11-23T15:50:00Z,2021-11-23T16:02:00Z,23/11/21,TN397
UCH1,DMSP,TN397_UCH1_DMSP_B,2,2021-11-23T15:20:00Z,2021-11-23T15:50:00Z,2021-11-23T15:59:00Z,23/11/21,TN397
UCH1,DMSP,TN397_UCH1_DMSP_C,2,2021-11-23T15:20:00Z,2021-11-23T15:50:00Z,2021-11-23T16:02:00Z,23/11/21,TN397
UCH1,Trigonelline,TN397_UCH1_Trig_A,2,2021-11-23T16:00:00Z,2021-11-23T16:32:00Z,2021-11-23T16:42:00Z,23/11/21,TN397
UCH1,Trigonelline,TN397_UCH1_Trig_B,2,2021-11-23T16:00:00Z,2021-11-23T16:32:00Z,2021-11-23T16:40:00Z,23/11/21,TN397
UCH1,Trigonelline,TN397_UCH1_Trig_C,2,2021-11-23T16:00:00Z,2021-11-23T16:32:00Z,2021-11-23T16:42:00Z,23/11/21,TN397
UCH1,TMAO,TN397_UCH1_TMAO_A,2,2021-11-23T15:43:00Z,2021-11-23T16:03:00Z,2021-11-23T16:16:00Z,23/11/21,TN397
UCH1,TMAO,TN397_UCH1_TMAO_B,2,2021-11-23T15:43:00Z,2021-11-23T16:04:00Z,2021-11-23T16:21:00Z,23/11/21,TN397
UCH1,TMAO,TN397_UCH1_TMAO_C,2,2021-11-23T15:43:00Z,2021-11-23T16:04:00Z,2021-11-23T16:17:00Z,23/11/21,TN397
UCH1,GBT,TN397_UCH1_GBT_A,2,2021-11-23T16:14:00Z,2021-11-23T16:45:00Z,2021-11-23T16:59:00Z,23/11/21,TN397
UCH1,GBT,TN397_UCH1_GBT_B,2,2021-11-23T16:14:00Z,2021-11-23T16:46:00Z,2021-11-23T17:04:00Z,23/11/21,TN397
UCH1,GBT,TN397_UCH1_GBT_C,2,2021-11-23T16:14:00Z,2021-11-23T16:47:00Z,2021-11-23T16:58:00Z,23/11/21,TN397
UKH1,0nM,TN397_UKH1_0nM_A,2,2021-11-26T12:53:00Z,2021-11-26T13:26:00Z,2021-11-26T13:34:00Z,26/11/2021,TN397
UKH1,0nM,TN397_UKH1_0nM_B,2,2021-11-26T12:53:00Z,2021-11-26T13:26:00Z,2021-11-26T13:34:00Z,26/11/2021,TN397
UKH1,0nM,TN397_UKH1_0nM_C,2,2021-11-26T12:53:00Z,2021-11-26T13:45:00Z,2021-11-26T13:50:00Z,26/11/2021,TN397
UKH1,2nM,TN397_UKH1_2nM_A,2,2021-11-26T12:53:00Z,2021-11-26T13:26:00Z,2021-11-26T13:37:00Z,26/11/2021,TN397
UKH1,2nM,TN397_UKH1_2nM_B,2,2021-11-26T12:53:00Z,2021-11-26T13:26:00Z,2021-11-26T13:37:00Z,26/11/2021,TN397
UKH1,2nM,TN397_UKH1_2nM_C,2,2021-11-26T12:53:00Z,2021-11-26T13:26:00Z,2021-11-26T13:37:00Z,26/11/2021,TN397
UKH1,5nM,TN397_UKH1_5nM_A,2,2021-11-26T13:33:00Z,2021-11-26T14:05:00Z,2021-11-26T14:10:00Z,26/11/2021,TN397
UKH1,5nM,TN397_UKH1_5nM_B,2,2021-11-26T13:33:00Z,2021-11-26T14:05:00Z,2021-11-26T14:18:00Z,26/11/2021,TN397
UKH1,5nM,TN397_UKH1_5nM_C,2,2021-11-26T13:33:00Z,2021-11-26T14:05:00Z,2021-11-26T14:15:00Z,26/11/2021,TN397
UKH1,10nM,TN397_UKH1_10nM_A,2,2021-11-26T13:44:00Z,2021-11-26T14:17:00Z,2021-11-26T14:26:00Z,26/11/2021,TN397
UKH1,10nM,TN397_UKH1_10nM_B,2,2021-11-26T13:44:00Z,2021-11-26T14:17:00Z,2021-11-26T14:29:00Z,26/11/2021,TN397
UKH1,10nM,TN397_UKH1_10nM_C,2,2021-11-26T13:44:00Z,2021-11-26T14:17:00Z,2021-11-26T14:30:00Z,26/11/2021,TN397
UKH1,50nM,TN397_UKH1_50nM_A,2,2021-11-26T14:10:00Z,2021-11-26T14:43:00Z,2021-11-26T14:56:00Z,26/11/2021,TN397
UKH1,50nM,TN397_UKH1_50nM_B,2,2021-11-26T14:10:00Z,2021-11-26T14:43:00Z,2021-11-26T14:56:00Z,26/11/2021,TN397
UKH1,50nM,TN397_UKH1_50nM_C,2,2021-11-26T14:10:00Z,2021-11-26T14:43:00Z,2021-11-26T14:56:00Z,26/11/2021,TN397
UKH1,200nM,TN397_UKH1_200nM_A,2,2021-11-26T14:22:00Z,2021-11-26T14:55:00Z,2021-11-26T15:03:00Z,26/11/2021,TN397
UKH1,200nM,TN397_UKH1_200nM_B,2,2021-11-26T14:22:00Z,2021-11-26T14:55:00Z,2021-11-26T15:03:00Z,26/11/2021,TN397
UKH1,200nM,TN397_UKH1_200nM_C,2,2021-11-26T14:22:00Z,2021-11-26T14:55:00Z,2021-11-26T15:08:00Z,26/11/2021,TN397
UKH1,1000nM,TN397_UKH1_1000nM_A,2,2021-11-26T14:39:00Z,2021-11-26T15:15:00Z,2021-11-26T15:28:00Z,26/11/2021,TN397
UKH1,1000nM,TN397_UKH1_1000nM_B,2,2021-11-26T14:39:00Z,2021-11-26T15:15:00Z,2021-11-26T15:28:00Z,26/11/2021,TN397
UKH1,1000nM,TN397_UKH1_1000nM_C,2,2021-11-26T14:39:00Z,2021-11-26T15:15:00Z,2021-11-26T15:30:00Z,26/11/2021,TN397
UKT1,0nM,TN397_UKT1_0nM_A,2,2021-11-27T12:48:00Z,2021-11-27T13:19:00Z,2021-11-27T13:30:00Z,27/11/2021,TN397
UKT1,0nM,TN397_UKT1_0nM_B,2,2021-11-27T12:48:00Z,2021-11-27T13:19:00Z,2021-11-27T13:30:00Z,27/11/2021,TN397
UKT1,0nM,TN397_UKT1_0nM_C,2,2021-11-27T12:48:00Z,2021-11-27T13:19:00Z,2021-11-27T13:30:00Z,27/11/2021,TN397
UKT1,2nM,TN397_UKT1_2nM_A,2,2021-11-27T12:48:00Z,2021-11-27T13:21:00Z,2021-11-27T13:30:00Z,27/11/2021,TN397
UKT1,2nM,TN397_UKT1_2nM_B,2,2021-11-27T12:48:00Z,2021-11-27T13:21:00Z,2021-11-27T13:31:00Z,27/11/2021,TN397
UKT1,2nM,TN397_UKT1_2nM_C,2,2021-11-27T12:48:00Z,2021-11-27T13:21:00Z,2021-11-27T13:30:00Z,27/11/2021,TN397
UKT1,5nM,TN397_UKT1_5nM_A,2,2021-11-27T13:18:00Z,2021-11-27T13:50:00Z,2021-11-27T13:59:00Z,27/11/2021,TN397
UKT1,5nM,TN397_UKT1_5nM_B,2,2021-11-27T13:18:00Z,2021-11-27T13:50:00Z,2021-11-27T14:03:00Z,27/11/2021,TN397
UKT1,5nM,TN397_UKT1_5nM_C,2,2021-11-27T13:18:00Z,2021-11-27T13:50:00Z,2021-11-27T14:07:00Z,27/11/2021,TN397
UKT1,10nM,TN397_UKT1_10nM_A,2,2021-11-27T13:26:00Z,2021-11-27T13:58:00Z,2021-11-27T14:04:00Z,27/11/2021,TN397
UKT1,10nM,TN397_UKT1_10nM_B,2,2021-11-27T13:26:00Z,2021-11-27T13:58:00Z,2021-11-27T14:10:00Z,27/11/2021,TN397
UKT1,10nM,TN397_UKT1_10nM_C,2,2021-11-27T13:26:00Z,2021-11-27T13:58:00Z,2021-11-27T14:05:00Z,27/11/2021,TN397
UKT1,50nM,TN397_UKT1_50nM_A,2,2021-11-27T13:52:00Z,2021-11-27T14:25:00Z,2021-11-27T14:31:00Z,27/11/2021,TN397
UKT1,50nM,TN397_UKT1_50nM_B,2,2021-11-27T13:52:00Z,2021-11-27T14:25:00Z,2021-11-27T14:32:00Z,27/11/2021,TN397
UKT1,50nM,TN397_UKT1_50nM_C,2,2021-11-27T13:52:00Z,2021-11-27T14:25:00Z,2021-11-27T14:35:00Z,27/11/2021,TN397
UKT1,200nM,TN397_UKT1_200nM_A,2,2021-11-27T14:03:00Z,2021-11-27T14:35:00Z,2021-11-27T14:44:00Z,27/11/2021,TN397
UKT1,200nM,TN397_UKT1_200nM_B,2,2021-11-27T14:03:00Z,2021-11-27T14:35:00Z,2021-11-27T14:44:00Z,27/11/2021,TN397
UKT1,200nM,TN397_UKT1_200nM_C,2,2021-11-27T14:03:00Z,2021-11-27T14:35:00Z,2021-11-27T14:44:00Z,27/11/2021,TN397
UKT1,1000nM,TN397_UKT1_1000nM_A,2,2021-11-27T14:21:00Z,2021-11-27T14:59:00Z,2021-11-27T15:04:00Z,27/11/2021,TN397
UKT1,1000nM,TN397_UKT1_1000nM_B,1.8,2021-11-27T14:21:00Z,2021-11-27T14:59:00Z,2021-11-27T15:05:00Z,27/11/2021,TN397
UKT1,1000nM,TN397_UKT1_1000nM_C,2,2021-11-27T14:21:00Z,2021-11-27T14:59:00Z,2021-11-27T15:09:00Z,27/11/2021,TN397
UKT1,5nM_Blk,TN397_UKT1_5nM_Blk,NA,NA,NA,NA,27/11/2021,TN397
UKT1,50nM_Blk,TN397_UKT1_50nM_Blk,NA,NA,NA,NA,27/11/2021,TN397
UKT1,1000nM_Blk,TN397_UKT1_1000nM_Blk,NA,NA,NA,NA,27/11/2021,TN397
UKH2,0nM,TN397_UKH2_0nM_A,2,2021-11-28T13:11:00Z,2021-11-28T13:42:00Z,2021-11-28T13:50:00Z,28/11/2021,TN397
UKH2,0nM,TN397_UKH2_0nM_B,2,2021-11-28T13:11:00Z,2021-11-28T13:42:00Z,2021-11-28T13:51:00Z,28/11/2021,TN397
UKH2,0nM,TN397_UKH2_0nM_C,2,2021-11-28T13:11:00Z,2021-11-28T13:42:00Z,2021-11-28T13:55:00Z,28/11/2021,TN397
UKH2,2nM,TN397_UKH2_2nM_A,2,2021-11-28T13:11:00Z,2021-11-28T13:42:00Z,2021-11-28T13:52:00Z,28/11/2021,TN397
UKH2,2nM,TN397_UKH2_2nM_B,2,2021-11-28T13:11:00Z,2021-11-28T13:42:00Z,2021-11-28T13:52:00Z,28/11/2021,TN397
UKH2,2nM,TN397_UKH2_2nM_C,2,2021-11-28T13:11:00Z,2021-11-28T13:42:00Z,2021-11-28T13:53:00Z,28/11/2021,TN397
UKH2,5nM,TN397_UKH2_5nM_A,2,2021-11-28T13:37:00Z,2021-11-28T14:10:00Z,2021-11-28T14:22:00Z,28/11/2021,TN397
UKH2,5nM,TN397_UKH2_5nM_B,2,2021-11-28T13:37:00Z,2021-11-28T14:10:00Z,2021-11-28T14:22:00Z,28/11/2021,TN397
UKH2,5nM,TN397_UKH2_5nM_C,2,2021-11-28T13:37:00Z,2021-11-28T14:10:00Z,2021-11-28T14:25:00Z,28/11/2021,TN397
UKH2,10nM,TN397_UKH2_10nM_A,2,2021-11-28T13:50:00Z,2021-11-28T14:23:00Z,2021-11-28T14:32:00Z,28/11/2021,TN397
UKH2,10nM,TN397_UKH2_10nM_B,2,2021-11-28T13:50:00Z,2021-11-28T14:23:00Z,2021-11-28T14:34:00Z,28/11/2021,TN397
UKH2,10nM,TN397_UKH2_10nM_C,2,2021-11-28T13:50:00Z,2021-11-28T14:23:00Z,2021-11-28T14:33:00Z,28/11/2021,TN397
UKH2,50nM,TN397_UKH2_50nM_A,2,2021-11-28T14:13:00Z,2021-11-28T14:45:00Z,2021-11-28T14:50:00Z,28/11/2021,TN397
UKH2,50nM,TN397_UKH2_50nM_B,2,2021-11-28T14:13:00Z,2021-11-28T14:45:00Z,2021-11-28T14:52:00Z,28/11/2021,TN397
UKH2,50nM,TN397_UKH2_50nM_C,2,2021-11-28T14:13:00Z,2021-11-28T14:45:00Z,2021-11-28T14:57:00Z,28/11/2021,TN397
UKH2,200nM,TN397_UKH2_200nM_A,2,2021-11-28T14:29:00Z,2021-11-28T15:01:00Z,2021-11-28T15:11:00Z,28/11/2021,TN397
UKH2,200nM,TN397_UKH2_200nM_B,2,2021-11-28T14:29:00Z,2021-11-28T15:01:00Z,2021-11-28T15:12:00Z,28/11/2021,TN397
UKH2,200nM,TN397_UKH2_200nM_C,2,2021-11-28T14:29:00Z,2021-11-28T15:01:00Z,2021-11-28T15:12:00Z,28/11/2021,TN397
UKH2,1000nM,TN397_UKH2_1000nM_A,2,2021-11-28T14:45:00Z,2021-11-28T15:16:00Z,2021-11-28T15:24:00Z,28/11/2021,TN397
UKH2,1000nM,TN397_UKH2_1000nM_B,2,2021-11-28T14:45:00Z,2021-11-28T15:16:00Z,2021-11-28T15:25:00Z,28/11/2021,TN397
UKH2,1000nM,TN397_UKH2_1000nM_C,2,2021-11-28T14:45:00Z,2021-11-28T15:16:00Z,2021-11-28T15:26:00Z,28/11/2021,TN397
UKH2,0nM_Blk,TN397_UKH2_0nM_Blk,NA,NA,NA,NA,28/11/2021,TN397
UKH2,5nM_Blk,TN397_UKH2_5nM_Blk,NA,NA,NA,NA,28/11/2021,TN397
UKH2,50nM_Blk,TN397_UKH2_50nM_Blk,NA,NA,NA,NA,28/11/2021,TN397
UKH2,1000nM_Blk,TN397_UKH2_1000nM_Blk,NA,NA,NA,NA,28/11/2021,TN397
UKT2,0nM,TN397_UKT2_0nM_A,2,2021-11-30T13:10:00Z,2021-11-30T13:40:00Z,2021-11-30T13:48:00Z,30/11/2021,TN397
UKT2,0nM,TN397_UKT2_0nM_B,2,2021-11-30T13:10:00Z,2021-11-30T13:40:00Z,2021-11-30T13:49:00Z,30/11/2021,TN397
UKT2,0nM,TN397_UKT2_0nM_C,2,2021-11-30T13:10:00Z,2021-11-30T13:40:00Z,2021-11-30T13:51:00Z,30/11/2021,TN397
UKT2,2nM,TN397_UKT2_2nM_A,2,2021-11-30T13:10:00Z,2021-11-30T13:42:00Z,2021-11-30T13:51:00Z,30/11/2021,TN397
UKT2,2nM,TN397_UKT2_2nM_B,2,2021-11-30T13:10:00Z,2021-11-30T13:42:00Z,2021-11-30T13:51:00Z,30/11/2021,TN397
UKT2,2nM,TN397_UKT2_2nM_C,2,2021-11-30T13:10:00Z,2021-11-30T13:42:00Z,2021-11-30T13:51:00Z,30/11/2021,TN397
UKT2,5nM,TN397_UKT2_5nM_A,2,2021-11-30T13:37:00Z,2021-11-30T14:08:00Z,2021-11-30T14:21:00Z,30/11/2021,TN397
UKT2,5nM,TN397_UKT2_5nM_B,2,2021-11-30T13:37:00Z,2021-11-30T14:08:00Z,2021-11-30T14:20:00Z,30/11/2021,TN397
UKT2,5nM,TN397_UKT2_5nM_C,2,2021-11-30T13:37:00Z,2021-11-30T14:08:00Z,2021-11-30T14:19:00Z,30/11/2021,TN397
UKT2,10nM,TN397_UKT2_10nM_A,2,2021-11-30T13:46:00Z,2021-11-30T14:17:00Z,2021-11-30T14:29:00Z,30/11/2021,TN397
UKT2,10nM,TN397_UKT2_10nM_B,2,2021-11-30T13:46:00Z,2021-11-30T14:17:00Z,2021-11-30T14:32:00Z,30/11/2021,TN397
UKT2,10nM,TN397_UKT2_10nM_C,2,2021-11-30T13:46:00Z,2021-11-30T14:17:00Z,2021-11-30T14:29:00Z,30/11/2021,TN397
UKT2,50nM,TN397_UKT2_50nM_A,2,2021-11-30T14:09:00Z,2021-11-30T14:41:00Z,2021-11-30T14:56:00Z,30/11/2021,TN397
UKT2,50nM,TN397_UKT2_50nM_B,2,2021-11-30T14:09:00Z,2021-11-30T14:41:00Z,2021-11-30T14:52:00Z,30/11/2021,TN397
UKT2,50nM,TN397_UKT2_50nM_C,2,2021-11-30T14:09:00Z,2021-11-30T14:41:00Z,2021-11-30T14:55:00Z,30/11/2021,TN397
UKT2,200nM,TN397_UKT2_200nM_A,2,2021-11-30T14:15:00Z,2021-11-30T14:48:00Z,2021-11-30T15:00:00Z,30/11/2021,TN397
UKT2,200nM,TN397_UKT2_200nM_B,2,2021-11-30T14:15:00Z,2021-11-30T14:48:00Z,2021-11-30T15:04:00Z,30/11/2021,TN397
UKT2,200nM,TN397_UKT2_200nM_C,2,2021-11-30T14:15:00Z,2021-11-30T14:48:00Z,2021-11-30T15:02:00Z,30/11/2021,TN397
UKT2,1000nM,TN397_UKT2_1000nM_A,2,2021-11-30T14:29:00Z,2021-11-30T15:01:00Z,2021-11-30T15:17:00Z,30/11/2021,TN397
UKT2,1000nM,TN397_UKT2_1000nM_B,2,2021-11-30T14:29:00Z,2021-11-30T15:01:00Z,2021-11-30T15:16:00Z,30/11/2021,TN397
UKT2,1000nM,TN397_UKT2_1000nM_C,2,2021-11-30T14:29:00Z,2021-11-30T15:01:00Z,2021-11-30T15:13:00Z,30/11/2021,TN397
UKH3,0nM,TN397_UKH3_0nM_A,2,2021-12-01T13:41:00Z,2021-12-01T14:12:00Z,2021-12-01T14:27:00Z,1/12/21,TN397
UKH3,0nM,TN397_UKH3_0nM_B,2,2021-12-01T13:41:00Z,2021-12-01T14:12:00Z,2021-12-01T14:27:00Z,1/12/21,TN397
UKH3,0nM,TN397_UKH3_0nM_C,2,2021-12-01T13:41:00Z,2021-12-01T14:12:00Z,2021-12-01T14:31:00Z,1/12/21,TN397
UKH3,5nM,TN397_UKH3_5nM_A,2,2021-12-01T13:41:00Z,2021-12-01T14:14:00Z,2021-12-01T14:26:00Z,1/12/21,TN397
UKH3,5nM,TN397_UKH3_5nM_B,2,2021-12-01T13:41:00Z,2021-12-01T14:14:00Z,2021-12-01T14:31:00Z,1/12/21,TN397
UKH3,5nM,TN397_UKH3_5nM_C,2,2021-12-01T13:41:00Z,2021-12-01T14:14:00Z,2021-12-01T14:25:00Z,1/12/21,TN397
UKH3,10nM,TN397_UKH3_10nM_A,2,2021-12-01T14:08:00Z,2021-12-01T14:41:00Z,2021-12-01T14:57:00Z,1/12/21,TN397
UKH3,10nM,TN397_UKH3_10nM_B,2,2021-12-01T14:08:00Z,2021-12-01T14:41:00Z,2021-12-01T14:59:00Z,1/12/21,TN397
UKH3,10nM,TN397_UKH3_10nM_C,2,2021-12-01T14:08:00Z,2021-12-01T14:41:00Z,2021-12-01T14:57:00Z,1/12/21,TN397
UKH3,50nM,TN397_UKH3_50nM_A,2,2021-12-01T14:17:00Z,2021-12-01T14:48:00Z,2021-12-01T14:59:00Z,1/12/21,TN397
UKH3,50nM,TN397_UKH3_50nM_B,2,2021-12-01T14:17:00Z,2021-12-01T14:48:00Z,2021-12-01T15:02:00Z,1/12/21,TN397
UKH3,50nM,TN397_UKH3_50nM_C,2,2021-12-01T14:17:00Z,2021-12-01T14:48:00Z,2021-12-01T14:58:00Z,1/12/21,TN397
UKH3,200nM,TN397_UKH3_200nM_A,2,2021-12-01T14:44:00Z,2021-12-01T15:14:00Z,2021-12-01T15:27:00Z,1/12/21,TN397
UKH3,200nM,TN397_UKH3_200nM_B,2,2021-12-01T14:44:00Z,2021-12-01T15:14:00Z,2021-12-01T15:26:00Z,1/12/21,TN397
UKH3,200nM,TN397_UKH3_200nM_C,2,2021-12-01T14:44:00Z,2021-12-01T15:14:00Z,2021-12-01T15:30:00Z,1/12/21,TN397
UKH3,500nM,TN397_UKH3_500nM_A,2,2021-12-01T14:52:00Z,2021-12-01T15:22:00Z,2021-12-01T15:32:00Z,1/12/21,TN397
UKH3,500nM,TN397_UKH3_500nM_B,2,2021-12-01T14:52:00Z,2021-12-01T15:22:00Z,2021-12-01T15:37:00Z,1/12/21,TN397
UKH3,500nM,TN397_UKH3_500nM_C,2,2021-12-01T14:52:00Z,2021-12-01T15:22:00Z,2021-12-01T15:41:00Z,1/12/21,TN397
UKH3,1500nM,TN397_UKH3_1500nM_A,2,2021-12-01T15:11:00Z,2021-12-01T15:47:00Z,2021-12-01T16:03:00Z,1/12/21,TN397
UKH3,1500nM,TN397_UKH3_1500nM_B,2,2021-12-01T15:11:00Z,2021-12-01T15:47:00Z,2021-12-01T16:02:00Z,1/12/21,TN397
UKH3,1500nM,TN397_UKH3_1500nM_C,2,2021-12-01T15:11:00Z,2021-12-01T15:47:00Z,2021-12-01T16:05:00Z,1/12/21,TN397
UKT3,0nM,TN397_UKT3_0nM_A,2,2021-12-03T13:30:00Z,2021-12-03T14:01:00Z,2021-12-03T14:12:00Z,3/12/21,TN397
UKT3,0nM,TN397_UKT3_0nM_B,2,2021-12-03T13:30:00Z,2021-12-03T14:01:00Z,2021-12-03T14:12:00Z,3/12/21,TN397
UKT3,0nM,TN397_UKT3_0nM_C,2,2021-12-03T13:30:00Z,2021-12-03T14:01:00Z,2021-12-03T14:12:00Z,3/12/21,TN397
UKT3,5nM,TN397_UKT3_5nM_A,2,2021-12-03T13:30:00Z,2021-12-03T14:00:00Z,2021-12-03T14:09:00Z,3/12/21,TN397
UKT3,5nM,TN397_UKT3_5nM_B,2,2021-12-03T13:30:00Z,2021-12-03T14:00:00Z,2021-12-03T14:10:00Z,3/12/21,TN397
UKT3,5nM,TN397_UKT3_5nM_C,2,2021-12-03T13:30:00Z,2021-12-03T14:00:00Z,2021-12-03T14:09:00Z,3/12/21,TN397
UKT3,10nM,TN397_UKT3_10nM_A,2,2021-12-03T13:55:00Z,2021-12-03T14:26:00Z,2021-12-03T14:34:00Z,3/12/21,TN397
UKT3,10nM,TN397_UKT3_10nM_B,2,2021-12-03T13:55:00Z,2021-12-03T14:26:00Z,2021-12-03T14:39:00Z,3/12/21,TN397
UKT3,10nM,TN397_UKT3_10nM_C,2,2021-12-03T13:55:00Z,2021-12-03T14:26:00Z,2021-12-03T14:37:00Z,3/12/21,TN397
UKT3,50nM,TN397_UKT3_50nM_A,2,2021-12-03T14:03:00Z,2021-12-03T14:34:00Z,2021-12-03T14:43:00Z,3/12/21,TN397
UKT3,50nM,TN397_UKT3_50nM_B,2,2021-12-03T14:03:00Z,2021-12-03T14:34:00Z,2021-12-03T14:45:00Z,3/12/21,TN397
UKT3,50nM,TN397_UKT3_50nM_C,2,2021-12-03T14:03:00Z,2021-12-03T14:34:00Z,2021-12-03T14:44:00Z,3/12/21,TN397
UKT3,200nM,TN397_UKT3_200nM_A,2,2021-12-03T14:24:00Z,2021-12-03T14:57:00Z,2021-12-03T15:06:00Z,3/12/21,TN397
UKT3,200nM,TN397_UKT3_200nM_B,2,2021-12-03T14:24:00Z,2021-12-03T14:57:00Z,2021-12-03T15:09:00Z,3/12/21,TN397
UKT3,200nM,TN397_UKT3_200nM_C,2,2021-12-03T14:24:00Z,2021-12-03T14:57:00Z,2021-12-03T15:05:00Z,3/12/21,TN397
UKT3,500nM,TN397_UKT3_500nM_A,2,2021-12-03T14:32:00Z,2021-12-03T15:02:00Z,2021-12-03T15:15:00Z,3/12/21,TN397
UKT3,500nM,TN397_UKT3_500nM_B,2,2021-12-03T14:32:00Z,2021-12-03T15:02:00Z,2021-12-03T15:16:00Z,3/12/21,TN397
UKT3,500nM,TN397_UKT3_500nM_C,2,2021-12-03T14:32:00Z,2021-12-03T15:02:00Z,2021-12-03T15:12:00Z,3/12/21,TN397
UKT3,1500nM,TN397_UKT3_1500nM_A,2,2021-12-03T14:54:00Z,2021-12-03T15:27:00Z,2021-12-03T15:35:00Z,3/12/21,TN397
UKT3,1500nM,TN397_UKT3_1500nM_B,2,2021-12-03T14:54:00Z,2021-12-03T15:27:00Z,2021-12-03T15:42:00Z,3/12/21,TN397
UKT3,1500nM,TN397_UKT3_1500nM_C,2,2021-12-03T14:54:00Z,2021-12-03T15:27:00Z,2021-12-03T15:35:00Z,3/12/21,TN397
UKH4,0nM,TN397_UKH4_0nM_A,2,2021-12-05T13:15:00Z,2021-12-05T13:45:00Z,2021-12-05T13:55:00Z,5/12/21,TN397
UKH4,0nM,TN397_UKH4_0nM_B,2,2021-12-05T13:15:00Z,2021-12-05T13:45:00Z,2021-12-05T14:05:00Z,5/12/21,TN397
UKH4,0nM,TN397_UKH4_0nM_C,2,2021-12-05T13:15:00Z,2021-12-05T13:45:00Z,2021-12-05T13:56:00Z,5/12/21,TN397
UKH4,5nM,TN397_UKH4_5nM_A,2,2021-12-05T13:15:00Z,2021-12-05T13:45:00Z,2021-12-05T14:02:00Z,5/12/21,TN397
UKH4,5nM,TN397_UKH4_5nM_B,2,2021-12-05T13:15:00Z,2021-12-05T13:45:00Z,2021-12-05T14:05:00Z,5/12/21,TN397
UKH4,5nM,TN397_UKH4_5nM_C,2,2021-12-05T13:15:00Z,2021-12-05T13:45:00Z,2021-12-05T13:57:00Z,5/12/21,TN397
UKH4,10nM,TN397_UKH4_10nM_A,2,2021-12-05T13:40:00Z,2021-12-05T14:13:00Z,2021-12-05T14:27:00Z,5/12/21,TN397
UKH4,10nM,TN397_UKH4_10nM_B,2,2021-12-05T13:40:00Z,2021-12-05T14:13:00Z,2021-12-05T14:36:00Z,5/12/21,TN397
UKH4,10nM,TN397_UKH4_10nM_C,2,2021-12-05T13:40:00Z,2021-12-05T14:13:00Z,2021-12-05T14:25:00Z,5/12/21,TN397
UKH4,50nM,TN397_UKH4_50nM_A,2,2021-12-05T13:50:00Z,2021-12-05T14:21:00Z,2021-12-05T14:33:00Z,5/12/21,TN397
UKH4,50nM,TN397_UKH4_50nM_B,2,2021-12-05T13:50:00Z,2021-12-05T14:21:00Z,2021-12-05T14:38:00Z,5/12/21,TN397
UKH4,50nM,TN397_UKH4_50nM_C,2,2021-12-05T13:50:00Z,2021-12-05T14:21:00Z,2021-12-05T14:32:00Z,5/12/21,TN397
UKH4,200nM,TN397_UKH4_200nM_A,2,2021-12-05T14:20:00Z,2021-12-05T14:50:00Z,2021-12-05T15:06:00Z,5/12/21,TN397
UKH4,200nM,TN397_UKH4_200nM_B,2,2021-12-05T14:20:00Z,2021-12-05T14:50:00Z,2021-12-05T15:07:00Z,5/12/21,TN397
UKH4,200nM,TN397_UKH4_200nM_C,2,2021-12-05T14:20:00Z,2021-12-05T14:50:00Z,2021-12-05T15:06:00Z,5/12/21,TN397
UKH4,500nM,TN397_UKH4_500nM_A,2,2021-12-05T14:28:00Z,2021-12-05T14:59:00Z,2021-12-05T15:15:00Z,5/12/21,TN397
UKH4,500nM,TN397_UKH4_500nM_B,2,2021-12-05T14:28:00Z,2021-12-05T14:59:00Z,2021-12-05T15:16:00Z,5/12/21,TN397
UKH4,500nM,TN397_UKH4_500nM_C,2,2021-12-05T14:28:00Z,2021-12-05T14:59:00Z,2021-12-05T15:10:00Z,5/12/21,TN397
UKH4,1500nM,TN397_UKH4_1500nM_A,2,2021-12-05T14:48:00Z,2021-12-05T15:19:00Z,2021-12-05T15:36:00Z,5/12/21,TN397
UKH4,1500nM,TN397_UKH4_1500nM_B,2,2021-12-05T14:48:00Z,2021-12-05T15:19:00Z,2021-12-05T15:37:00Z,5/12/21,TN397
UKH4,1500nM,TN397_UKH4_1500nM_C,2,2021-12-05T14:48:00Z,2021-12-05T15:19:00Z,2021-12-05T15:35:00Z,5/12/21,TN397
UKT4,0nM,TN397_UKT4_0nM_A,2,2021-12-06T12:47:00Z,2021-12-06T13:17:00Z,2021-12-06T13:26:00Z,6/12/21,TN397
UKT4,0nM,TN397_UKT4_0nM_B,2,2021-12-06T12:47:00Z,2021-12-06T13:17:00Z,2021-12-06T13:30:00Z,6/12/21,TN397
UKT4,0nM,TN397_UKT4_0nM_C,2,2021-12-06T12:47:00Z,2021-12-06T13:17:00Z,2021-12-06T13:30:00Z,6/12/21,TN397
UKT4,5nM,TN397_UKT4_5nM_A,2,2021-12-06T12:47:00Z,2021-12-06T13:17:00Z,2021-12-06T13:29:00Z,6/12/21,TN397
UKT4,5nM,TN397_UKT4_5nM_B,2,2021-12-06T12:47:00Z,2021-12-06T13:17:00Z,2021-12-06T13:30:00Z,6/12/21,TN397
UKT4,5nM,TN397_UKT4_5nM_C,2,2021-12-06T12:47:00Z,2021-12-06T13:17:00Z,2021-12-06T13:25:00Z,6/12/21,TN397
UKT4,10nM,TN397_UKT4_10nM_A,2,2021-12-06T13:15:00Z,2021-12-06T13:45:00Z,2021-12-06T14:00:00Z,6/12/21,TN397
UKT4,10nM,TN397_UKT4_10nM_B,2,2021-12-06T13:15:00Z,2021-12-06T13:45:00Z,2021-12-06T14:03:00Z,6/12/21,TN397
UKT4,10nM,TN397_UKT4_10nM_C,2,2021-12-06T13:15:00Z,2021-12-06T13:45:00Z,2021-12-06T14:00:00Z,6/12/21,TN397
UKT4,50nM,TN397_UKT4_50nM_A,2,2021-12-06T13:21:00Z,2021-12-06T13:52:00Z,2021-12-06T14:07:00Z,6/12/21,TN397
UKT4,50nM,TN397_UKT4_50nM_B,2,2021-12-06T13:21:00Z,2021-12-06T13:52:00Z,2021-12-06T14:14:00Z,6/12/21,TN397
UKT4,50nM,TN397_UKT4_50nM_C,2,2021-12-06T13:21:00Z,2021-12-06T13:52:00Z,2021-12-06T14:03:00Z,6/12/21,TN397
UKT4,200nM,TN397_UKT4_200nM_A,2,2021-12-06T13:40:00Z,2021-12-06T14:15:00Z,2021-12-06T14:27:00Z,6/12/21,TN397
UKT4,200nM,TN397_UKT4_200nM_B,2,2021-12-06T13:40:00Z,2021-12-06T14:15:00Z,2021-12-06T14:32:00Z,6/12/21,TN397
UKT4,200nM,TN397_UKT4_200nM_C,2,2021-12-06T13:40:00Z,2021-12-06T14:15:00Z,2021-12-06T14:27:00Z,6/12/21,TN397
UKT4,500nM,TN397_UKT4_500nM_A,2,2021-12-06T13:55:00Z,2021-12-06T14:25:00Z,2021-12-06T14:35:00Z,6/12/21,TN397
UKT4,500nM,TN397_UKT4_500nM_B,2,2021-12-06T13:55:00Z,2021-12-06T14:25:00Z,2021-12-06T14:38:00Z,6/12/21,TN397
UKT4,500nM,TN397_UKT4_500nM_C,2,2021-12-06T13:55:00Z,2021-12-06T14:25:00Z,2021-12-06T14:35:00Z,6/12/21,TN397
UKT4,1500nM,TN397_UKT4_1500nM_A,2,2021-12-06T14:21:00Z,2021-12-06T14:51:00Z,2021-12-06T15:03:00Z,6/12/21,TN397
UKT4,1500nM,TN397_UKT4_1500nM_B,2,2021-12-06T14:21:00Z,2021-12-06T14:51:00Z,2021-12-06T15:07:00Z,6/12/21,TN397
UKT4,1500nM,TN397_UKT4_1500nM_C,2,2021-12-06T14:21:00Z,2021-12-06T14:51:00Z,2021-12-06T15:05:00Z,6/12/21,TN397
UKT4,NA,TN397_UKT4_50nM_Blk,NA,NA,NA,NA,6/12/21,TN397
UKT4,NA,TN397_UKT4_1500nM_Blk,NA,NA,NA,NA,6/12/21,TN397
UKH5,0nM,TN397_UKH5_0nM_A,2,2021-12-10T13:31:00Z,2021-12-10T14:00:00Z,2021-12-10T14:11:00Z,10/12/21,TN397
UKH5,0nM,TN397_UKH5_0nM_B,2,2021-12-10T13:31:00Z,2021-12-10T14:00:00Z,2021-12-10T14:14:00Z,10/12/21,TN397
UKH5,0nM,TN397_UKH5_0nM_C,2,2021-12-10T13:31:00Z,2021-12-10T14:00:00Z,2021-12-10T14:13:00Z,10/12/21,TN397
UKH5,5nM,TN397_UKH5_2nM_A,2,2021-12-10T13:31:00Z,2021-12-10T14:03:00Z,2021-12-10T14:16:00Z,10/12/21,TN397
UKH5,5nM,TN397_UKH5_2nM_B,2,2021-12-10T13:31:00Z,2021-12-10T14:03:00Z,2021-12-10T14:16:00Z,10/12/21,TN397
UKH5,5nM,TN397_UKH5_2nM_C,2,2021-12-10T13:31:00Z,2021-12-10T14:03:00Z,2021-12-10T14:16:00Z,10/12/21,TN397
UKH5,10nM,TN397_UKH5_5nM_A,2,2021-12-10T13:57:00Z,2021-12-10T14:28:00Z,2021-12-10T14:39:00Z,10/12/21,TN397
UKH5,10nM,TN397_UKH5_5nM_B,2,2021-12-10T13:57:00Z,2021-12-10T14:28:00Z,2021-12-10T14:41:00Z,10/12/21,TN397
UKH5,10nM,TN397_UKH5_5nM_C,2,2021-12-10T13:57:00Z,2021-12-10T14:28:00Z,2021-12-10T14:41:00Z,10/12/21,TN397
UKH5,50nM,TN397_UKH5_10nM_A,2,2021-12-10T14:01:00Z,2021-12-10T14:31:00Z,2021-12-10T14:42:00Z,10/12/21,TN397
UKH5,50nM,TN397_UKH5_10nM_B,2,2021-12-10T14:01:00Z,2021-12-10T14:31:00Z,2021-12-10T14:42:00Z,10/12/21,TN397
UKH5,50nM,TN397_UKH5_10nM_C,2,2021-12-10T14:01:00Z,2021-12-10T14:31:00Z,2021-12-10T14:43:00Z,10/12/21,TN397
UKH5,200nM,TN397_UKH5_50nM_A,2,2021-12-10T14:25:00Z,2021-12-10T14:57:00Z,2021-12-10T15:08:00Z,10/12/21,TN397
UKH5,200nM,TN397_UKH5_50nM_B,2,2021-12-10T14:25:00Z,2021-12-10T14:57:00Z,2021-12-10T15:11:00Z,10/12/21,TN397
UKH5,200nM,TN397_UKH5_50nM_C,2,2021-12-10T14:25:00Z,2021-12-10T14:57:00Z,2021-12-10T15:09:00Z,10/12/21,TN397
UKH5,500nM,TN397_UKH5_200nM_A,2,2021-12-10T14:35:00Z,2021-12-10T15:05:00Z,2021-12-10T15:17:00Z,10/12/21,TN397
UKH5,500nM,TN397_UKH5_200nM_B,2,2021-12-10T14:35:00Z,2021-12-10T15:05:00Z,2021-12-10T15:16:00Z,10/12/21,TN397
UKH5,500nM,TN397_UKH5_200nM_C,2,2021-12-10T14:35:00Z,2021-12-10T15:05:00Z,2021-12-10T15:15:00Z,10/12/21,TN397
UKH5,1500nM,TN397_UKH5_1000nM_A,2,2021-12-10T14:54:00Z,2021-12-10T15:25:00Z,2021-12-10T15:37:00Z,10/12/21,TN397
UKH5,1500nM,TN397_UKH5_1000nM_B,2,2021-12-10T14:54:00Z,2021-12-10T15:25:00Z,2021-12-10T15:39:00Z,10/12/21,TN397
UKH5,1500nM,TN397_UKH5_1000nM_C,2,2021-12-10T14:54:00Z,2021-12-10T15:25:00Z,2021-12-10T15:39:00Z,10/12/21,TN397
UKH5,10nM_Blk,TN397_UKH5_10nM_Blk,NA,NA,NA,NA,10/12/21,TN397
UKH5,200nM_Blk,TN397_UKH5_200nM_Blk,NA,NA,NA,NA,10/12/21,TN397
UKT5,0nM,TN397_UKT5_0nM_A,2,2021-12-11T12:56:00Z,2021-12-11T13:26:00Z,2021-12-11T13:34:00Z,11/12/21,TN397
UKT5,0nM,TN397_UKT5_0nM_B,2,2021-12-11T12:56:00Z,2021-12-11T13:26:00Z,2021-12-11T13:34:00Z,11/12/21,TN397
UKT5,0nM,TN397_UKT5_0nM_C,2,2021-12-11T12:56:00Z,2021-12-11T13:26:00Z,2021-12-11T13:34:00Z,11/12/21,TN397
UKT5,2nM,TN397_UKT5_2nM_A,2,2021-12-11T12:56:00Z,2021-12-11T13:26:00Z,2021-12-11T13:36:00Z,11/12/21,TN397
UKT5,2nM,TN397_UKT5_2nM_B,2,2021-12-11T12:56:00Z,2021-12-11T13:26:00Z,2021-12-11T13:43:00Z,11/12/21,TN397
UKT5,2nM,TN397_UKT5_2nM_C,2,2021-12-11T12:56:00Z,2021-12-11T13:26:00Z,2021-12-11T13:36:00Z,11/12/21,TN397
UKT5,5nM,TN397_UKT5_5nM_A,2,2021-12-11T13:22:00Z,2021-12-11T13:54:00Z,2021-12-11T14:03:00Z,11/12/21,TN397
UKT5,5nM,TN397_UKT5_5nM_B,2,2021-12-11T13:22:00Z,2021-12-11T13:54:00Z,2021-12-11T14:07:00Z,11/12/21,TN397
UKT5,5nM,TN397_UKT5_5nM_C,2,2021-12-11T13:22:00Z,2021-12-11T13:54:00Z,2021-12-11T14:06:00Z,11/12/21,TN397
UKT5,10nM,TN397_UKT5_10nM_A,2,2021-12-11T13:34:00Z,2021-12-11T14:03:00Z,2021-12-11T14:15:00Z,11/12/21,TN397
UKT5,10nM,TN397_UKT5_10nM_B,2,2021-12-11T13:34:00Z,2021-12-11T14:03:00Z,2021-12-11T14:20:00Z,11/12/21,TN397
UKT5,10nM,TN397_UKT5_10nM_C,2,2021-12-11T13:34:00Z,2021-12-11T14:03:00Z,2021-12-11T14:20:00Z,11/12/21,TN397
UKT5,50nM,TN397_UKT5_50nM_A,2,2021-12-11T13:51:00Z,2021-12-11T14:21:00Z,2021-12-11T14:33:00Z,11/12/21,TN397
UKT5,50nM,TN397_UKT5_50nM_B,2,2021-12-11T13:51:00Z,2021-12-11T14:21:00Z,2021-12-11T14:36:00Z,11/12/21,TN397
UKT5,50nM,TN397_UKT5_50nM_C,2,2021-12-11T13:51:00Z,2021-12-11T14:21:00Z,2021-12-11T14:33:00Z,11/12/21,TN397
UKT5,200nM,TN397_UKT5_200nM_A,2,2021-12-11T14:01:00Z,2021-12-11T14:32:00Z,2021-12-11T14:44:00Z,11/12/21,TN397
UKT5,200nM,TN397_UKT5_200nM_B,2,2021-12-11T14:01:00Z,2021-12-11T14:32:00Z,2021-12-11T14:45:00Z,11/12/21,TN397
UKT5,200nM,TN397_UKT5_200nM_C,2,2021-12-11T14:01:00Z,2021-12-11T14:32:00Z,2021-12-11T14:45:00Z,11/12/21,TN397
UKT5,1000nM,TN397_UKT5_1000nM_A,2,2021-12-11T14:18:00Z,2021-12-11T14:50:00Z,2021-12-11T15:00:00Z,11/12/21,TN397
UKT5,1000nM,TN397_UKT5_1000nM_B,2,2021-12-11T14:18:00Z,2021-12-11T14:50:00Z,2021-12-11T15:03:00Z,11/12/21,TN397
UKT5,1000nM,TN397_UKT5_1000nM_C,2,2021-12-11T14:18:00Z,2021-12-11T14:50:00Z,2021-12-11T15:05:00Z,11/12/21,TN397
UKT5,10nM_Blk,TN397_UKT5_10nM_Blk,NA,NA,NA,NA,11/12/21,TN397
UKT5,200nM_Blk,TN397_UKT5_200nM_Blk,NA,NA,NA,NA,11/12/21,TN397
UKG,0,G5_UKG_0nM_A,2,2023-01-25T13:06:00Z,2023-01-25T13:31:00Z,2023-01-25T13:45:00Z,1/25/23,TN412
UKG,0,G5_UKG_0nM_B,2,2023-01-25T13:06:00Z,2023-01-25T13:31:00Z,2023-01-25T13:45:00Z,1/25/23,TN412
UKG,0,G5_UKG_0nM_C,2,2023-01-25T13:06:00Z,2023-01-25T13:31:00Z,2023-01-25T13:43:00Z,1/25/23,TN412
UKG,2,G5_UKG_2nM_A,2,2023-01-25T13:06:00Z,2023-01-25T13:33:00Z,2023-01-25T13:49:00Z,1/25/23,TN412
UKG,2,G5_UKG_2nM_B,2,2023-01-25T13:06:00Z,2023-01-25T13:33:00Z,2023-01-25T13:47:00Z,1/25/23,TN412
UKG,2,G5_UKG_2nM_C,2,2023-01-25T13:06:00Z,2023-01-25T13:33:00Z,2023-01-25T13:49:00Z,1/25/23,TN412
UKG,5,G5_UKG_5nM_A,2,2023-01-25T13:29:00Z,2023-01-25T14:02:00Z,2023-01-25T14:14:00Z,1/25/23,TN412
UKG,5,G5_UKG_5nM_B,2,2023-01-25T13:29:00Z,2023-01-25T14:02:00Z,2023-01-25T14:16:00Z,1/25/23,TN412
UKG,5,G5_UKG_5nM_C,2,2023-01-25T13:29:00Z,2023-01-25T14:02:00Z,2023-01-25T14:14:00Z,1/25/23,TN412
UKG,10,G5_UKG_10nM_A,2,2023-01-25T13:30:00Z,2023-01-25T14:02:00Z,2023-01-25T14:44:00Z,1/25/23,TN412
UKG,10,G5_UKG_10nM_B,2,2023-01-25T13:30:00Z,2023-01-25T14:02:00Z,2023-01-25T14:45:00Z,1/25/23,TN412
UKG,10,G5_UKG_10nM_C,2,2023-01-25T13:30:00Z,2023-01-25T14:01:00Z,2023-01-25T14:45:00Z,1/25/23,TN412
UKG,50,G5_UKG_50nM_A,2,2023-01-25T13:58:00Z,2023-01-25T14:34:00Z,2023-01-25T14:43:00Z,1/25/23,TN412
UKG,50,G5_UKG_50nM_B,2,2023-01-25T13:58:00Z,2023-01-25T14:34:00Z,2023-01-25T14:45:00Z,1/25/23,TN412
UKG,50,G5_UKG_50nM_C,2,2023-01-25T13:58:00Z,2023-01-25T14:34:00Z,2023-01-25T14:45:00Z,1/25/23,TN412
UKG,200,G5_UKG_200nM_A,2,2023-01-25T13:59:00Z,2023-01-25T14:34:00Z,2023-01-25T14:43:00Z,1/25/23,TN412
UKG,200,G5_UKG_200nM_B,2,2023-01-25T13:59:00Z,2023-01-25T14:34:00Z,2023-01-25T14:45:00Z,1/25/23,TN412
UKG,200,G5_UKG_200nM_C,2,2023-01-25T13:59:00Z,2023-01-25T14:34:00Z,2023-01-25T14:45:00Z,1/25/23,TN412
UKG,1000,G5_UKG_1000nM_A,2,2023-01-25T14:31:00Z,2023-01-25T15:01:00Z,2023-01-25T15:12:00Z,1/25/23,TN412
UKG,1000,G5_UKG_1000nM_B,2,2023-01-25T14:31:00Z,2023-01-25T15:01:00Z,2023-01-25T15:13:00Z,1/25/23,TN412
UKG,1000,G5_UKG_1000nM_C,2,2023-01-25T14:31:00Z,2023-01-25T15:01:00Z,2023-01-25T15:11:00Z,1/25/23,TN412
UKG,5,G5_UKG_5nM_blk,2,2023-01-25T14:25:00Z,NA,NA,1/25/23,TN412
UKG,50,G5_UKG_50nM_blk,2,2023-01-25T14:56:00Z,NA,NA,1/25/23,TN412
UKG,1000,G5_UKG_1000nM_blk,2,2023-01-25T15:11:00Z,NA,NA,1/25/23,TN412
UKH1,0nM,RC078_UKH1_0nM_A,1,2022-06-04T14:11:00Z,2022-06-04T14:39:00Z,2022-06-04T14:51:00Z,6/4/22,RC078
UKH1,0nM,RC078_UKH1_0nM_B,1,2022-06-04T14:11:00Z,2022-06-04T14:40:00Z,2022-06-04T14:54:00Z,6/4/22,RC078
UKH1,0nM,RC078_UKH1_0nM_C,1,2022-06-04T14:11:00Z,2022-06-04T14:40:00Z,2022-06-04T14:51:00Z,6/4/22,RC078
UKH1,5nM,RC078_UKH1_5nM_A,1,2022-06-04T14:11:00Z,2022-06-04T14:41:00Z,2022-06-04T14:51:00Z,6/4/22,RC078
UKH1,5nM,RC078_UKH1_5nM_B,1,2022-06-04T14:11:00Z,2022-06-04T14:41:00Z,2022-06-04T14:52:00Z,6/4/22,RC078
UKH1,5nM,RC078_UKH1_5nM_C,1,2022-06-04T14:11:00Z,2022-06-04T14:41:00Z,2022-06-04T14:51:00Z,6/4/22,RC078
UKH1,10nM,RC078_UKH1_10nM_A,1,2022-06-04T14:39:00Z,2022-06-04T15:08:00Z,2022-06-04T15:20:00Z,6/4/22,RC078
UKH1,10nM,RC078_UKH1_10nM_B,1,2022-06-04T14:39:00Z,2022-06-04T15:08:00Z,2022-06-04T15:19:00Z,6/4/22,RC078
UKH1,10nM,RC078_UKH1_10nM_C,1,2022-06-04T14:39:00Z,2022-06-04T15:08:00Z,2022-06-04T15:19:00Z,6/4/22,RC078
UKH1,50nM,RC078_UKH1_50nM_A,1,2022-06-04T14:39:00Z,2022-06-04T15:09:00Z,2022-06-04T15:19:00Z,6/4/22,RC078
UKH1,50nM,RC078_UKH1_50nM_B,1,2022-06-04T14:39:00Z,2022-06-04T15:09:00Z,2022-06-04T15:21:00Z,6/4/22,RC078
UKH1,50nM,RC078_UKH1_50nM_C,1,2022-06-04T14:39:00Z,2022-06-04T15:09:00Z,2022-06-04T15:17:00Z,6/4/22,RC078
UKH1,200nM,RC078_UKH1_200nM_A,1,2022-06-04T15:09:00Z,2022-06-04T15:35:00Z,2022-06-04T15:43:00Z,6/4/22,RC078
UKH1,200nM,RC078_UKH1_200nM_B,1,2022-06-04T15:09:00Z,2022-06-04T15:35:00Z,2022-06-04T15:44:00Z,6/4/22,RC078
UKH1,200nM,RC078_UKH1_200nM_C,1,2022-06-04T15:09:00Z,2022-06-04T15:35:00Z,2022-06-04T15:42:00Z,6/4/22,RC078
UKH1,500nm,RC078_UKH1_500nM_A,1,2022-06-04T15:10:00Z,2022-06-04T15:36:00Z,2022-06-04T15:45:00Z,6/4/22,RC078
UKH1,500nm,RC078_UKH1_500nM_B,1,2022-06-04T15:10:00Z,2022-06-04T15:36:00Z,2022-06-04T15:43:00Z,6/4/22,RC078
UKH1,500nm,RC078_UKH1_500nM_C,1,2022-06-04T15:10:00Z,2022-06-04T15:36:00Z,2022-06-04T15:42:00Z,6/4/22,RC078
UKH1,2000nM,RC078_UKH1_2000nM_A,1,2022-06-04T15:34:00Z,2022-06-04T16:01:00Z,2022-06-04T16:09:00Z,6/4/22,RC078
UKH1,2000nM,RC078_UKH1_2000nM_B,1,2022-06-04T15:34:00Z,2022-06-04T16:01:00Z,2022-06-04T16:10:00Z,6/4/22,RC078
UKH1,2000nM,RC078_UKH1_2000nM_C,1,2022-06-04T15:34:00Z,2022-06-04T16:01:00Z,2022-06-04T16:10:00Z,6/4/22,RC078
UKH2,0nM,RC078_UKH2_0nM_A,1,2022-06-07T08:17:00Z,2022-06-07T08:52:00Z,2022-06-07T08:59:00Z,6/7/22,RC078
UKH2,0nM,RC078_UKH2_0nM_B,1,2022-06-07T08:17:00Z,2022-06-07T08:54:00Z,2022-06-07T09:01:00Z,6/7/22,RC078
UKH2,0nM,RC078_UKH2_0nM_C,1,2022-06-07T08:17:00Z,2022-06-07T08:54:00Z,2022-06-07T09:02:00Z,6/7/22,RC078
UKH2,5nM,RC078_UKH2_5nM_A,1,2022-06-07T08:17:00Z,2022-06-07T08:49:00Z,2022-06-07T08:59:00Z,6/7/22,RC078
UKH2,5nM,RC078_UKH2_5nM_B,1,2022-06-07T08:17:00Z,2022-06-07T08:49:00Z,2022-06-07T09:03:00Z,6/7/22,RC078
UKH2,5nM,RC078_UKH2_5nM_C,1,2022-06-07T08:17:00Z,2022-06-07T08:49:00Z,2022-06-07T09:03:00Z,6/7/22,RC078
UKH2,10nM,RC078_UKH2_10nM_A,1,2022-06-07T08:49:00Z,2022-06-07T09:20:00Z,2022-06-07T09:31:00Z,6/7/22,RC078
UKH2,10nM,RC078_UKH2_10nM_B,1,2022-06-07T08:49:00Z,2022-06-07T09:20:00Z,2022-06-07T09:31:00Z,6/7/22,RC078
UKH2,10nM,RC078_UKH2_10nM_C,1,2022-06-07T08:49:00Z,2022-06-07T09:20:00Z,2022-06-07T09:31:00Z,6/7/22,RC078
UKH2,50nM,RC078_UKH2_50nM_A,1,2022-06-07T08:50:00Z,2022-06-07T09:20:00Z,2022-06-07T09:26:00Z,6/7/22,RC078
UKH2,50nM,RC078_UKH2_50nM_B,1,2022-06-07T08:50:00Z,2022-06-07T09:20:00Z,2022-06-07T09:27:00Z,6/7/22,RC078
UKH2,50nM,RC078_UKH2_50nM_C,1,2022-06-07T08:50:00Z,2022-06-07T09:20:00Z,2022-06-07T09:28:00Z,6/7/22,RC078
UKH2,200nM,RC078_UKH2_200nM_A,1,2022-06-07T09:17:00Z,2022-06-07T09:47:00Z,2022-06-07T09:54:00Z,6/7/22,RC078
UKH2,200nM,RC078_UKH2_200nM_B,1,2022-06-07T09:17:00Z,2022-06-07T09:47:00Z,2022-06-07T09:54:00Z,6/7/22,RC078
UKH2,200nM,RC078_UKH2_200nM_C,1,2022-06-07T09:17:00Z,2022-06-07T09:47:00Z,2022-06-07T09:57:00Z,6/7/22,RC078
UKH2,500nm,RC078_UKH2_500nM_A,1,2022-06-07T09:19:00Z,2022-06-07T09:47:00Z,2022-06-07T09:55:00Z,6/7/22,RC078
UKH2,500nm,RC078_UKH2_500nM_B,1,2022-06-07T09:19:00Z,2022-06-07T09:47:00Z,2022-06-07T09:56:00Z,6/7/22,RC078
UKH2,500nm,RC078_UKH2_500nM_C,1,2022-06-07T09:19:00Z,2022-06-07T09:47:00Z,2022-06-07T09:58:00Z,6/7/22,RC078
UKH2,2000nM,RC078_UKH2_2000nM_A,1,2022-06-07T09:46:00Z,2022-06-07T10:16:00Z,2022-06-07T10:24:00Z,6/7/22,RC078
UKH2,2000nM,RC078_UKH2_2000nM_B,1,2022-06-07T09:46:00Z,2022-06-07T10:16:00Z,2022-06-07T10:26:00Z,6/7/22,RC078
UKH2,2000nM,RC078_UKH2_2000nM_C,1,2022-06-07T09:46:00Z,2022-06-07T10:16:00Z,2022-06-07T10:23:00Z,6/7/22,RC078
UKH2,10nM,RC078_UKH2_10nM_Blk,0.5,NA,NA,NA,6/7/22,RC078
UKH2,200nM,RC078_UKH2_200nM_Blk,0.5,NA,NA,NA,6/7/22,RC078
UKH2,2000nM,RC078_UKH2_2000nM_Blk,0.5,NA,NA,NA,6/7/22,RC078
UKG1,0nM,RC078_UKG1_0nM_A,1,2022-06-08T13:55:00Z,2022-06-08T14:18:00Z,2022-06-08T14:30:00Z,6/8/22,RC078
UKG1,0nM,RC078_UKG1_0nM_B,1,2022-06-08T13:55:00Z,2022-06-08T14:18:00Z,2022-06-08T14:31:00Z,6/8/22,RC078
UKG1,0nM,RC078_UKG1_0nM_C,1,2022-06-08T13:55:00Z,2022-06-08T14:18:00Z,2022-06-08T14:31:00Z,6/8/22,RC078
UKG1,1000nM,RC078_UKG1_1000nM_A,1,2022-06-08T14:57:00Z,2022-06-08T15:20:00Z,2022-06-08T15:31:00Z,6/8/22,RC078
UKG1,1000nM,RC078_UKG1_1000nM_B,1,2022-06-08T14:57:00Z,2022-06-08T15:20:00Z,2022-06-08T15:33:00Z,6/8/22,RC078
UKG1,1000nM,RC078_UKG1_1000nM_C,1,2022-06-08T14:57:00Z,2022-06-08T15:20:00Z,2022-06-08T15:31:00Z,6/8/22,RC078
UKG1,10nM,RC078_UKG1_10nM_A,1,2022-06-08T13:55:00Z,2022-06-08T14:18:00Z,2022-06-08T14:33:00Z,6/8/22,RC078
UKG1,10nM,RC078_UKG1_10nM_B,1,2022-06-08T13:55:00Z,2022-06-08T14:18:00Z,2022-06-08T14:33:00Z,6/8/22,RC078
UKG1,10nM,RC078_UKG1_10nM_C,0.9,2022-06-08T13:55:00Z,2022-06-08T14:18:00Z,2022-06-08T14:33:00Z,6/8/22,RC078
UKG1,50nM,RC078_UKG1_50nM_A,1,2022-06-08T14:26:00Z,2022-06-08T14:50:00Z,2022-06-08T15:00:00Z,6/8/22,RC078
UKG1,50nM,RC078_UKG1_50nM_B,1,2022-06-08T14:26:00Z,2022-06-08T14:50:00Z,2022-06-08T15:02:00Z,6/8/22,RC078
UKG1,50nM,RC078_UKG1_50nM_C,1,2022-06-08T14:26:00Z,2022-06-08T14:50:00Z,2022-06-08T15:03:00Z,6/8/22,RC078
UKG1,200nM,RC078_UKG1_200nM_A,1,2022-06-08T14:27:00Z,2022-06-08T14:50:00Z,2022-06-08T15:02:00Z,6/8/22,RC078
UKG1,200nM,RC078_UKG1_200nM_B,1,2022-06-08T14:27:00Z,2022-06-08T14:50:00Z,2022-06-08T15:04:00Z,6/8/22,RC078
UKG1,200nM,RC078_UKG1_200nM_C,1,2022-06-08T14:27:00Z,2022-06-08T14:50:00Z,2022-06-08T15:05:00Z,6/8/22,RC078
UKG1,500nM,RC078_UKG1_500nM_A,1,2022-06-08T14:55:00Z,2022-06-08T15:21:00Z,2022-06-08T15:33:00Z,6/8/22,RC078
UKG1,500nM,RC078_UKG1_500nM_B,1,2022-06-08T14:55:00Z,2022-06-08T15:21:00Z,2022-06-08T15:35:00Z,6/8/22,RC078
UKG1,500nM,RC078_UKG1_500nM_C,1,2022-06-08T14:55:00Z,2022-06-08T15:21:00Z,2022-06-08T15:34:00Z,6/8/22,RC078
UKG1,2000nM,RC078_UKG1_2000nM_A,1,2022-06-08T15:24:00Z,2022-06-08T15:53:00Z,2022-06-08T16:02:00Z,6/8/22,RC078
UKG1,2000nM,RC078_UKG1_2000nM_B,1,2022-06-08T15:24:00Z,2022-06-08T15:53:00Z,2022-06-08T16:04:00Z,6/8/22,RC078
UKG1,2000nM,RC078_UKG1_2000nM_C,1,2022-06-08T15:24:00Z,2022-06-08T15:53:00Z,2022-06-08T16:13:00Z,6/8/22,RC078
UKG1,5000nM,RC078_UKG1_5000nM_A,1,2022-06-08T15:26:00Z,2022-06-08T15:53:00Z,2022-06-08T16:05:00Z,6/8/22,RC078
UKH1,0nM,RC104_UKH1_0nM_A,1.5,2023-09-01T13:19:00Z,2023-09-01T13:49:00Z,2023-09-01T13:56:00Z,9/1/23,RC104
UKH1,0nM,RC104_UKH1_0nM_B,1.5,2023-09-01T13:19:00Z,2023-09-01T13:49:00Z,2023-09-01T14:00:00Z,9/1/23,RC104
UKH1,0nM,RC104_UKH1_0nM_C,1.5,2023-09-01T13:19:00Z,2023-09-01T13:49:00Z,2023-09-01T14:00:00Z,9/1/23,RC104
UKH1,10nM,RC104_UKH1_10nM_A,1.5,2023-09-01T13:19:00Z,2023-09-01T13:49:00Z,2023-09-01T14:00:00Z,9/1/23,RC104
UKH1,10nM,RC104_UKH1_10nM_B,1.5,2023-09-01T13:19:00Z,2023-09-01T13:49:00Z,2023-09-01T14:00:00Z,9/1/23,RC104
UKH1,10nM,RC104_UKH1_10nM_C,1.5,2023-09-01T13:19:00Z,2023-09-01T13:49:00Z,2023-09-01T14:00:00Z,9/1/23,RC104
UKH1,100nM,RC104_UKH1_100nM_A,1.5,2023-09-01T13:52:00Z,2023-09-01T14:23:00Z,2023-09-01T14:30:00Z,9/1/23,RC104
UKH1,100nM,RC104_UKH1_100nM_B,1.5,2023-09-01T13:52:00Z,2023-09-01T14:23:00Z,2023-09-01T14:35:00Z,9/1/23,RC104
UKH1,100nM,RC104_UKH1_100nM_C,1.5,2023-09-01T13:52:00Z,2023-09-01T14:23:00Z,2023-09-01T14:34:00Z,9/1/23,RC104
UKH1,250nM,RC104_UKH1_250nM_A,1.5,2023-09-01T13:52:00Z,2023-09-01T14:23:00Z,2023-09-01T14:39:00Z,9/1/23,RC104
UKH1,250nM,RC104_UKH1_250nM_B,1.5,2023-09-01T13:52:00Z,2023-09-01T14:23:00Z,2023-09-01T14:39:00Z,9/1/23,RC104
UKH1,250nM,RC104_UKH1_250nM_C,1.5,2023-09-01T13:52:00Z,2023-09-01T14:23:00Z,2023-09-01T14:32:00Z,9/1/23,RC104
UKH1,1000nM,RC104_UKH1_1000nM_A,1.5,2023-09-01T14:13:00Z,2023-09-01T14:50:00Z,2023-09-01T15:09:00Z,9/1/23,RC104
UKH1,1000nM,RC104_UKH1_1000nM_B,1.5,2023-09-01T14:13:00Z,2023-09-01T14:50:00Z,2023-09-01T15:09:00Z,9/1/23,RC104
UKH1,1000nM,RC104_UKH1_1000nM_C,1.5,2023-09-01T14:13:00Z,2023-09-01T14:50:00Z,2023-09-01T15:09:00Z,9/1/23,RC104
UKH1,2000nM,RC104_UKH1_2000nM_A,1.5,2023-09-01T14:13:00Z,2023-09-01T14:47:00Z,2023-09-01T15:06:00Z,9/1/23,RC104
UKH1,2000nM,RC104_UKH1_2000nM_B,1.5,2023-09-01T14:13:00Z,2023-09-01T14:47:00Z,2023-09-01T15:04:00Z,9/1/23,RC104
UKH1,2000nM,RC104_UKH1_2000nM_C,1.5,2023-09-01T14:13:00Z,2023-09-01T14:47:00Z,2023-09-01T14:56:00Z,9/1/23,RC104
UKH1,3000nM,RC104_UKH1_3000nM_A,1.5,2023-09-01T14:34:00Z,2023-09-01T15:11:00Z,2023-09-01T15:33:00Z,9/1/23,RC104
UKH1,3000nM,RC104_UKH1_3000nM_B,1.5,2023-09-01T14:34:00Z,2023-09-01T15:11:00Z,2023-09-01T15:28:00Z,9/1/23,RC104
UKH1,3000nM,RC104_UKH1_3000nM_C,1.5,2023-09-01T14:34:00Z,2023-09-01T15:11:00Z,2023-09-01T15:21:00Z,9/1/23,RC104
UKH1,250nM,RC104_UKH1_250nM_Blk,NA,NA,NA,NA,9/1/23,RC104
UKH1,1000nM,RC104_UKH1_1000nM_Blk,NA,NA,NA,NA,9/1/23,RC104
UKH1,2000nM,RC104_UKH1_2000nM_Blk,NA,NA,NA,NA,9/1/23,RC104
UKH1,3000nM,RC104_UKH1_3000nM_Blk,NA,NA,NA,NA,9/1/23,RC104
UCH1,Gluc,RC104_UCH1_Gluc_A,2,2023-09-03T13:55:00Z,2023-09-03T14:22:00Z,2023-09-03T14:47:00Z,9/3/23,RC104
UCH1,Gluc,RC104_UCH1_Gluc_B,2,2023-09-03T13:55:00Z,2023-09-03T14:22:00Z,2023-09-03T14:47:00Z,9/3/23,RC104
UCH1,Gluc,RC104_UCH1_Gluc_C,2,2023-09-03T13:55:00Z,2023-09-03T14:22:00Z,2023-09-03T14:47:00Z,9/3/23,RC104
UCH1,Con,RC104_UCH1_Con_A,2,2023-09-03T13:55:00Z,2023-09-03T14:22:00Z,2023-09-03T14:36:00Z,9/3/23,RC104
UCH1,Con,RC104_UCH1_Con_B,2,2023-09-03T13:55:00Z,2023-09-03T14:22:00Z,2023-09-03T14:47:00Z,9/3/23,RC104
UCH1,Con,RC104_UCH1_Con_C,2,2023-09-03T13:55:00Z,2023-09-03T14:22:00Z,2023-09-03T14:41:00Z,9/3/23,RC104
UCH1,GBT,RC104_UCH1_GBT_A,2,2023-09-03T14:28:00Z,2023-09-03T14:58:00Z,2023-09-03T15:26:00Z,9/3/23,RC104
UCH1,GBT,RC104_UCH1_GBT_B,2,2023-09-03T14:28:00Z,2023-09-03T14:58:00Z,2023-09-03T15:19:00Z,9/3/23,RC104
UCH1,GBT,RC104_UCH1_GBT_C,2,2023-09-03T14:28:00Z,2023-09-03T14:58:00Z,2023-09-03T15:26:00Z,9/3/23,RC104
UCH1,DMSP,RC104_UCH1_DMSP_A,2,2023-09-03T14:28:00Z,2023-09-03T14:58:00Z,2023-09-03T15:13:00Z,9/3/23,RC104
UCH1,DMSP,RC104_UCH1_DMSP_B,2,2023-09-03T14:28:00Z,2023-09-03T14:58:00Z,2023-09-03T15:15:00Z,9/3/23,RC104
UCH1,DMSP,RC104_UCH1_DMSP_C,2,2023-09-03T14:28:00Z,2023-09-03T14:58:00Z,2023-09-03T15:17:00Z,9/3/23,RC104
UCH1,Trig,RC104_UCH1_Trig_A,2,2023-09-03T14:55:00Z,2023-09-03T15:25:00Z,2023-09-03T15:38:00Z,9/3/23,RC104
UCH1,Trig,RC104_UCH1_Trig_B,2,2023-09-03T14:55:00Z,2023-09-03T15:25:00Z,2023-09-03T15:40:00Z,9/3/23,RC104
UCH1,Trig,RC104_UCH1_Trig_C,2,2023-09-03T14:55:00Z,2023-09-03T15:25:00Z,2023-09-03T15:41:00Z,9/3/23,RC104
UCH1,Hom,RC104_UCH1_Hom_A,2,2023-09-03T14:55:00Z,2023-09-03T15:28:00Z,2023-09-03T15:56:00Z,9/3/23,RC104
UCH1,Hom,RC104_UCH1_Hom_B,2,2023-09-03T14:55:00Z,2023-09-03T15:28:00Z,2023-09-03T15:56:00Z,9/3/23,RC104
UCH1,Hom,RC104_UCH1_Hom_C,2,2023-09-03T14:55:00Z,2023-09-03T15:31:00Z,2023-09-03T15:55:00Z,9/3/23,RC104
UCH1,TMAO,RC104_UCH1_TMAO_A,2,2023-09-03T15:27:00Z,2023-09-03T15:59:00Z,2023-09-03T16:06:00Z,9/3/23,RC104
UCH1,TMAO,RC104_UCH1_TMAO_B,2,2023-09-03T15:27:00Z,2023-09-03T15:59:00Z,2023-09-03T16:09:00Z,9/3/23,RC104
UCH1,TMAO,RC104_UCH1_TMAO_C,2,2023-09-03T15:27:00Z,2023-09-03T15:59:00Z,2023-09-03T16:11:00Z,9/3/23,RC104
UKG1,0nM,RC104_UKG1_0nM_A,1.5,2023-09-03T15:27:00Z,2023-09-03T15:55:00Z,2023-09-03T16:27:00Z,9/3/23,RC104
UKG1,0nM,RC104_UKG1_0nM_B,1.5,2023-09-03T15:27:00Z,2023-09-03T15:55:00Z,2023-09-03T16:20:00Z,9/3/23,RC104
UKG1,0nM,RC104_UKG1_0nM_C,1.5,2023-09-03T15:27:00Z,2023-09-03T15:55:00Z,2023-09-03T16:18:00Z,9/3/23,RC104
UKG1,10nM,RC104_UKG1_10nM_A,1.5,2023-09-03T15:57:00Z,2023-09-03T16:29:00Z,2023-09-03T16:39:00Z,9/3/23,RC104
UKG1,10nM,RC104_UKG1_10nM_B,1.5,2023-09-03T15:57:00Z,2023-09-03T16:29:00Z,2023-09-03T16:42:00Z,9/3/23,RC104
UKG1,10nM,RC104_UKG1_10nM_C,1.5,2023-09-03T15:57:00Z,2023-09-03T16:29:00Z,2023-09-03T16:47:00Z,9/3/23,RC104
UKG1,100nM,RC104_UKG1_100nM_A,1.5,2023-09-03T15:57:00Z,2023-09-03T16:33:00Z,2023-09-03T16:54:00Z,9/3/23,RC104
UKG1,100nM,RC104_UKG1_100nM_B,1.5,2023-09-03T15:57:00Z,2023-09-03T16:32:00Z,2023-09-03T16:46:00Z,9/3/23,RC104
UKG1,100nM,RC104_UKG1_100nM_C,1.5,2023-09-03T15:57:00Z,2023-09-03T16:32:00Z,2023-09-03T16:48:00Z,9/3/23,RC104
UKG1,250nM,RC104_UKG1_250nM_A,1.5,2023-09-03T16:25:00Z,2023-09-03T16:52:00Z,2023-09-03T17:15:00Z,9/3/23,RC104
UKG1,250nM,RC104_UKG1_250nM_B,1.5,2023-09-03T16:25:00Z,2023-09-03T16:52:00Z,2023-09-03T17:08:00Z,9/3/23,RC104
UKG1,250nM,RC104_UKG1_250nM_C,1.5,2023-09-03T16:25:00Z,2023-09-03T16:52:00Z,2023-09-03T17:18:00Z,9/3/23,RC104
UKG1,500nM,RC104_UKG1_500nM_A,1.5,2023-09-03T16:25:00Z,2023-09-03T16:52:00Z,2023-09-03T17:17:00Z,9/3/23,RC104
UKG1,500nM,RC104_UKG1_500nM_B,1.5,2023-09-03T16:25:00Z,2023-09-03T16:52:00Z,2023-09-03T17:14:00Z,9/3/23,RC104
UKG1,500nM,RC104_UKG1_500nM_C,1.5,2023-09-03T16:25:00Z,2023-09-03T16:52:00Z,2023-09-03T17:12:00Z,9/3/23,RC104
UKG1,1000nM,RC104_UKG1_1000nM_A,1.5,2023-09-03T16:58:00Z,2023-09-03T17:25:00Z,2023-09-03T17:38:00Z,9/3/23,RC104
UKG1,1000nM,RC104_UKG1_1000nM_B,1.5,2023-09-03T16:58:00Z,2023-09-03T17:29:00Z,2023-09-03T17:43:00Z,9/3/23,RC104
UKG1,1000nM,RC104_UKG1_1000nM_C,1.5,2023-09-03T16:58:00Z,2023-09-03T17:25:00Z,2023-09-03T17:46:00Z,9/3/23,RC104
UKG1,3000nM,RC104_UKG1_3000nM_A,1.5,2023-09-03T16:58:00Z,2023-09-03T17:23:00Z,2023-09-03T17:45:00Z,9/3/23,RC104
UKG1,3000nM,RC104_UKG1_3000nM_B,1.5,2023-09-03T16:58:00Z,2023-09-03T17:25:00Z,2023-09-03T17:37:00Z,9/3/23,RC104
UKG1,3000nM,RC104_UKG1_3000nM_C,1.5,2023-09-03T16:58:00Z,2023-09-03T17:25:00Z,2023-09-03T17:42:00Z,9/3/23,RC104
UKG1,250nM,RC104_UKG1_250nM_Blk,NA,NA,NA,NA,9/3/23,RC104
UKG1,500nM,RC104_UKG1_500nM_Blk,NA,NA,NA,NA,9/3/23,RC104
UKG1,1000nM,RC104_UKG1_1000nM_Blk,NA,NA,NA,NA,9/3/23,RC104
UKG1,3000nM,RC104_UKG1_3000nM_Blk,NA,NA,NA,NA,9/3/23,RC104
