time,lat,lon,depth,station,cast,cell_abundance_bacteria,cell_abundance_picoeuk,cell_abundance_prochloro,cell_abundance_synecho,diameter_bacteria,diameter_picoeuk,diameter_prochloro,diameter_synecho,carbon_quota_bacteria,carbon_quota_picoeuk,carbon_quota_prochloro,carbon_quota_synecho,carbon_biomass_bacteria,carbon_biomass_picoeuk,carbon_biomass_prochloro,carbon_biomass_synecho
2021-11-20T18:33:00.000Z,28.4361,-124.4029,5,1,1,347.754833733572,0.947011454823435,142.408149832845,1.09005769728787,0.37161,2.06346333333333,0.494626666666667,0.730866666666667,0.011639696596108,0.971037779031921,0.0243339059895859,0.0666321325656239,4.04741045566185,0.91847371132978,3.46513802049755,0.0726356575961841
2021-11-20T18:33:00.000Z,28.4361,-124.4029,15,1,1,356.812753680571,1.01916054310962,142.952397221552,1.04902955770723,0.376516666666667,2.05340666666667,0.49172,0.727753333333333,0.0120371747027633,0.958504276722119,0.0239667599984363,0.0659152365428108,4.29432251269251,0.974949286929222,3.42611144746891,0.0691397638060087
2021-11-20T18:33:00.000Z,28.4361,-124.4029,25,1,1,358.880618591554,0.922219799372084,144.64200764578,0.994642149500529,0.375413333333333,1.9951,0.489966666666667,0.722523333333333,0.0119473510716853,0.890014628693031,0.0237472816230226,0.0646896567930122,4.28898670395763,0.822461538322548,3.43483924703724,0.0643759013390748
2021-11-20T18:33:00.000Z,28.4361,-124.4029,45,1,1,350.296358610075,0.894219849147157,139.675313528223,1.1430709777338,0.375493333333333,2.08665666666667,0.486193333333333,0.727053333333333,0.0119544264974305,0.999858367242414,0.0232781719727907,0.0657403339428844,4.19054160844895,0.894818390397461,3.2515117831983,0.0751904889198326
2021-11-20T18:33:00.000Z,28.4361,-124.4029,75,1,1,376.265714592092,1.36074793823543,116.328308729073,1.1178969194201,0.370153333333333,1.88393666666667,0.53342,0.856783333333333,0.0115210263263457,0.767113054490569,0.0295685054793597,0.100419460014578,4.33809589546719,1.03975602771271,3.43957941021812,0.112382524288474
2021-11-20T18:33:00.000Z,28.4361,-124.4029,85,1,1,323.439857228132,1.74043460424211,92.1455455015968,0.62349206940652,0.36803,1.65287333333333,0.587376666666667,0.926833333333333,0.0113511398940183,0.548025683084578,0.0379130155253013,0.123097893218045,3.67217711930504,0.957930794306537,3.4937922560159,0.0769708720874965
2021-11-20T18:33:00.000Z,28.4361,-124.4029,100,1,1,301.839319220458,2.33121466425312,56.86553654368,0.39748518944928,0.35396,1.62002666666667,0.659046666666667,1.09661333333333,0.0102647046470176,0.520936138923733,0.05102509239097,0.189851085548969,3.10229742021774,1.21529429176077,2.90230417818652,0.0751201625548101
2021-11-20T18:33:00.000Z,28.4361,-124.4029,200,1,1,111.625559375812,0.0666494914836492,0.276732502026628,0.0100020288714051,0.3991,2.26408666666667,0.963413333333333,1.00119666666667,0.0139981421242886,1.25349642266347,0.136096851009326,0.151564032901115,1.56556562266494,0.0856411659487062,0.0377139881937508,0.00151639845392414
2021-11-21T13:49:00.000Z,27.0673,-126.6739,5,2,1,363.84549514152,1.04387348047838,195.917637228447,1.95845518635412,0.372386666666667,1.79818333333333,0.447646666666667,0.714946666666667,0.0116996876063285,0.680515366653083,0.0188110279438732,0.0629522946562941,4.25549797179848,0.713493864202648,3.68380085945125,0.123307671582724
2021-11-21T13:49:00.000Z,27.0673,-126.6739,15,2,1,370.119463918908,1.23264361892376,218.681769103108,1.69350561228281,0.364763333333333,1.77311666666667,0.445153333333333,0.70288,0.0110960820896782,0.659972081805575,0.0185408011632832,0.0602524550838714,4.11043901852882,0.830074428617481,4.05516348515773,0.102100736097545
2021-11-21T13:49:00.000Z,27.0673,-126.6739,25,2,1,384.179227761107,1.04115137784682,208.618031471565,1.82952776707925,0.37164,1.81585666666667,0.43891,0.69759,0.0116399535195087,0.698263584365792,0.0178792022244865,0.059086800246456,4.47230631432055,0.727463219189938,3.72975845736062,0.108129247135148
2021-11-21T13:49:00.000Z,27.0673,-126.6739,45,2,1,375.295531204734,0.983081748262281,221.035865909802,1.68179966878389,0.373126666666667,1.83853,0.452903333333333,0.724833333333333,0.011759426040548,0.721819660525544,0.0193856914596329,0.0652331907782586,4.41365204796251,0.719437348190797,4.28451215255984,0.109706783754316
2021-11-21T13:49:00.000Z,27.0673,-126.6739,75,2,1,352.046383076108,1.20262593041684,131.644260794241,0.874329783862357,0.3703,1.64066333333333,0.553636666666667,0.903716666666667,0.0115308246478901,0.541265037288463,0.0325481042233597,0.115305459906587,4.06062012446738,0.660934914646266,4.28446085743038,0.100692689847859
2021-11-21T13:49:00.000Z,27.0673,-126.6739,101,2,1,271.504998134287,1.47518831573301,41.1784639516075,0.0999082227704098,0.351146666666667,1.67600333333333,0.71916,1.18366666666667,0.0100545742320216,0.570231662817615,0.0639152000300474,0.231199510411996,2.73010065048399,0.83741414242142,2.63183297582787,0.0231771764104518
2021-11-21T13:49:00.000Z,27.0673,-126.6739,200,2,1,92.0342051380259,0.00994834860713988,0.0199313774580933,0.00994834860713988,0.399216666666667,2.77449,0.65534,1.13079,0.0139989566191229,2.47786231578521,0.0534436323086747,0.224572723672846,1.28845434409443,0.0247433990067922,0.00112646139776477,0.0022313474045336
2021-11-23T17:04:00.000Z,21.7402,-135.3133,5,3,2,386.470305283097,1.01576827961246,233.106529569387,1.14892512271205,0.362943333333333,1.81466333333333,0.432706666666667,0.668966666666667,0.0109516013938277,0.698278056685113,0.0172329781817136,0.0530359389612686,4.23927037458689,0.711708257535318,4.01715049426061,0.06097069602479
2021-11-23T17:04:00.000Z,21.7402,-135.3133,15,3,2,381.020869405487,1.06452497823128,226.330613178282,1.18351849566937,0.363963333333333,1.86834666666667,0.43416,0.682546666666667,0.0110287254425637,0.751042392391143,0.0173829004673009,0.0558570255409705,4.20117973884992,0.8020113967549,3.9342731258215,0.0662195446512196
2021-11-23T17:04:00.000Z,21.7402,-135.3133,25,3,2,387.524945088138,1.06354570029813,227.423921871049,1.25171674184078,0.36611,1.79146,0.43467,0.678646666666667,0.0111989933038307,0.676427020134729,0.0174355141534095,0.055048331096811,4.34151818588237,0.720820192665014,3.96518793380821,0.0687396175227359
2021-11-23T17:04:00.000Z,21.7402,-135.3133,45,3,2,395.732076941518,0.982984501157182,232.886569321813,1.37423384892142,0.361633333333333,1.77273,0.43472,0.683976666666667,0.0108485052762873,0.656317662411445,0.0174408457637645,0.0561618543452852,4.29389271603786,0.649510798956858,4.06153667431994,0.0772319641867793
2021-11-23T17:04:00.000Z,21.7402,-135.3133,75,3,2,457.947790260981,1.08358449916146,280.282354870217,1.79520649845179,0.36768,1.88264666666667,0.448563333333333,0.745486666666667,0.0113215315013764,0.765766432938277,0.0189097526825432,0.0701640252913206,5.18469586106194,0.832424400850829,5.30024769065704,0.125884308554781
2021-11-23T17:04:00.000Z,21.7402,-135.3133,85,3,2,446.551802422945,1.28431737407617,254.563486992359,1.64202600315544,0.369743333333333,1.80564,0.465496666666667,0.79007,0.0114858582810335,0.688046415021281,0.0208070238227083,0.0814796093354386,5.12863217342125,0.886815769139156,5.29674311899984,0.133772239995027
2021-11-23T17:04:00.000Z,21.7402,-135.3133,100,3,2,401.79113858751,1.75145207883589,154.142325249931,1.15628506013393,0.36889,1.61192666666667,0.564546666666667,0.977043333333333,0.0114183059968301,0.51375772002816,0.034226367225362,0.140921267565474,4.58800155858246,0.895449575863171,5.27563911880532,0.163028721031376
2021-11-23T17:04:00.000Z,21.7402,-135.3133,109,3,2,360.720926536562,1.7591797779751,110.441478535,0.929394186803269,0.359733333333333,1.59475,0.621503333333333,1.07335666666667,0.0107016855402804,0.502768657776101,0.0438599419389035,0.179600188241611,3.86071567248185,0.863537913590443,4.84432086370398,0.167003884759866
2021-11-23T17:04:00.000Z,21.7402,-135.3133,125,3,2,301.693397886834,1.31680379681943,25.4923970540226,0.0466743399694248,0.358136666666667,1.62306333333333,0.75515,1.25789666666667,0.0105820470154324,0.522326372484224,0.0724995752517431,0.27146147427745,3.19251225692932,0.687296113929254,1.8487693292032,0.0121467025851837
2021-11-23T17:04:00.000Z,21.7402,-135.3133,150,3,2,217.532405235623,0.755975404061378,16.6409802748479,0.0133257045147711,0.364786666666667,1.67760666666667,0.780213333333333,0.771266666666667,0.0111001198832947,0.568804932043971,0.0788710015749772,0.0783783749516886,2.41546272384441,0.429513276822554,1.31204364073922,0.00114369407784899
2021-11-23T17:04:00.000Z,21.7402,-135.3133,200,3,2,125.250884482135,0.113285040653024,0.859129149203198,0.00998812123443939,0.390156666666667,1.85986,0.908413333333333,0.869636666666667,0.013194544824643,0.749579008983718,0.116855973976841,0.107662219226109,1.65289982929946,0.0818828427742942,0.100394491345349,0.00107635200350299
2021-11-24T22:43:00.000Z,19.6377,-138.6122,5,4,4,389.40767121184,0.981925647891626,181.8727209589,1.03539255825338,0.363153333333333,1.98868666666667,0.480366666666667,0.759366666666667,0.0109653310936938,0.88314906355689,0.022565301430522,0.0737138176849739,4.27024287595577,0.868271334325972,4.10290163998397,0.076019055548434
2021-11-24T22:43:00.000Z,19.6377,-138.6122,15,4,4,398.422911316982,1.05570991146147,184.094474037402,1.05462276902542,0.361913333333333,1.98068666666667,0.479266666666667,0.751433333333333,0.0108763291755659,0.873488136204171,0.0224343816776431,0.0715839290835899,4.33803571087366,0.920839328014693,4.12824858683904,0.0754619580283169
2021-11-24T22:43:00.000Z,19.6377,-138.6122,25,4,4,406.534680053504,0.98906754890887,188.426886942012,1.04599475748298,0.365686666666667,1.9727,0.480573333333333,0.758356666666667,0.0111668256008586,0.864955837734807,0.0225923787866413,0.0733885490176544,4.54339635125413,0.856437068251973,4.25389363317684,0.0768983684834414
2021-11-24T22:43:00.000Z,19.6377,-138.6122,45,4,4,390.875777316989,0.894791190128084,176.548771841099,0.893998804332363,0.363153333333333,1.92265333333333,0.479613333333333,0.759226666666667,0.0109654387932126,0.811230675174213,0.0224750235525184,0.0735238413179501,4.28628139180635,0.720153449313035,3.96691751160425,0.0656735010284926
2021-11-24T22:43:00.000Z,19.6377,-138.6122,75,4,4,560.956624268076,0.945314000399487,216.494401032099,1.49356797257409,0.368553333333333,1.91308333333333,0.49067,0.833516666666667,0.0113946085553616,0.799425601599814,0.0238351998790467,0.0936818090183793,6.384363132833,0.760084499782751,5.1601451245227,0.140855161818292
2021-11-24T22:43:00.000Z,19.6377,-138.6122,100,4,4,429.673331085614,1.56075073904244,105.421264155228,0.541406106856487,0.357766666666667,1.60996333333333,0.636953333333333,1.07390666666667,0.0105700133860983,0.513306569531846,0.0467360291507743,0.179943362494393,4.54428218661718,0.797142334958303,4.92865350909317,0.0974326482506089
2021-11-24T22:43:00.000Z,19.6377,-138.6122,110,4,4,359.989445184521,1.48576034417555,58.3256177404164,0.154961380467388,0.362003333333333,1.62006,0.714433333333333,1.16328333333333,0.0108769894506061,0.51975160283799,0.0628373743192475,0.221228050378758,3.9164545233739,0.769870308745696,3.66571990216333,0.0339363964505778
2021-11-24T22:43:00.000Z,19.6377,-138.6122,125,4,4,349.443135907082,1.04853797876374,38.1732299547567,0.035225893731226,0.368693333333333,1.65576,0.752343333333333,1.23941,0.0114271458612653,0.550511904177066,0.0718097455315142,0.260310689706546,3.99752852462303,0.578967209678578,2.7405100251691,0.00915145837099641
2021-11-24T22:43:00.000Z,19.6377,-138.6122,150,4,4,186.682996257111,0.597005893309651,17.0432744925177,0.0126482461646349,0.362686666666667,1.69215666666667,0.794096666666667,1.11699333333333,0.0109291832405286,0.581840200620297,0.0825426917882956,0.202975293252507,2.04156430427004,0.347910538232702,1.4062413090736,0.00240550970645568
2021-11-24T22:43:00.000Z,19.6377,-138.6122,200,4,4,111.557987990611,0.0187750053146946,0.0914174180224946,0.00914174180224946,0.390593333333333,1.77238666666667,0.90713,0.841413333333333,0.0132363840392515,0.671043935380864,0.116460996480481,0.112227892273307,1.47761512991211,0.0110869375568706,0.0105958880833565,0.000965993685002238
2021-11-26T17:31:00.000Z,17.6782,-140.1622,5,5,2,369.625770717226,0.996437622594197,179.751341198402,0.805009630341428,0.35641,1.80898333333333,0.450163333333333,0.77204,0.0104481508893535,0.691605598206888,0.0190854601210608,0.0767731809426879,3.85722773107197,0.685528646404339,3.43043216098923,0.0618130755651147
2021-11-26T17:31:00.000Z,17.6782,-140.1622,15,5,2,371.646708694036,0.997460239253323,178.860322158479,0.839939368834445,0.360153333333333,1.78724,0.44879,0.766733333333333,0.0107330842190505,0.670218541668754,0.0189347269697139,0.0756120102193249,3.98927217606436,0.666037931789619,3.38637075929385,0.0639393803574114
2021-11-26T17:31:00.000Z,17.6782,-140.1622,25,5,2,387.462471255208,0.934116444876873,176.646643114222,0.857684118299177,0.357463333333333,1.82001,0.451736666666667,0.761643333333333,0.010528817405242,0.702487508614436,0.0192583366313267,0.0741129991620861,4.07468048022452,0.661909057806606,3.40135874819787,0.0635678459980005
2021-11-26T17:31:00.000Z,17.6782,-140.1622,45,5,2,367.796030555062,1.05179469609821,182.07481335841,0.908749057681344,0.360036666666667,1.87142,0.444223333333333,0.705063333333333,0.010724428341976,0.753804803559919,0.0184413967363668,0.0607444604751348,3.94592122924735,0.791774699798816,3.35786337815121,0.055166220279826
2021-11-26T17:31:00.000Z,17.6782,-140.1622,75,5,2,461.185601139392,0.889408581761477,203.615779955522,1.00695230387221,0.366353333333333,1.86045333333333,0.449483333333333,0.72676,0.0112259123124101,0.743774823141459,0.0190102075598274,0.0657358548945899,5.18382165903856,0.65536356553523,3.87019795244229,0.0662063818569252
2021-11-26T17:31:00.000Z,17.6782,-140.1622,85,5,2,581.247741185027,1.24395885144356,202.068440888536,1.14281766294639,0.357326666666667,1.78758,0.474953333333333,0.86155,0.0105230641454559,0.676148854688794,0.0219152851925642,0.102133877048406,6.12106321322151,0.809799934663131,4.42808615428095,0.116764537275327
2021-11-26T17:31:00.000Z,17.6782,-140.1622,100,5,2,431.534855013295,0.988489180940757,169.089036473494,1.01408098610068,0.36198,1.72371,0.468476666666667,0.818836666666667,0.0108896013607549,0.612351437049575,0.0211521734480772,0.0893786321293484,4.70018521266385,0.60215608351244,3.57567095899494,0.0907633941452155
2021-11-26T17:31:00.000Z,17.6782,-140.1622,111,5,2,469.276392322313,3.35610559004947,69.9168148872501,0.333401646622811,0.35097,1.54768666666667,0.650986666666667,1.08763,0.0100486851967496,0.462120983998712,0.049437617082458,0.185957445220804,4.69866114447491,1.55524516529639,3.45603833739931,0.061990646299283
2021-11-26T17:31:00.000Z,17.6782,-140.1622,125,5,2,280.21607386913,1.37176186158485,22.1051682189898,0.00978449107463399,0.357426666666667,1.63346333333333,0.77015,1.04171,0.0105317515125324,0.531008731501329,0.0762738906926471,0.172137546832722,2.97249790520984,0.731413746362303,1.68497163175102,0.00167624902142373
2021-11-26T17:31:00.000Z,17.6782,-140.1622,150,5,2,132.869144841789,0.447538162803308,9.90381064251927,0.00994917205879738,0.36879,1.80631666666667,0.820136666666667,1.18458,0.0114103761815697,0.691260567997562,0.0897060432450389,0.248052402277768,1.51447677884585,0.31134688236933,0.888962658537483,0.00247666882439196
2021-11-26T17:31:00.000Z,17.6782,-140.1622,200,5,2,90.091182207269,0.0133281808043419,0.00999050849700906,0.00999050849700906,0.40002,2.61968666666667,0.589396666666667,0.84909,0.0140735098601491,2.45383528126975,0.0397118762060662,0.108653884596825,1.26772752466526,0.0252046476145431,0.000396325370323906,0.00108295167797709
2021-11-27T17:19:00.000Z,13.950261,-140.0005,5,6,2,611.987905635452,2.65038763122965,153.766492644449,3.70896277634651,0.366493333333333,1.68185333333333,0.535573333333333,0.814183333333333,0.0112551050976979,0.572853065139602,0.0298775587662127,0.0880377810450574,6.88715055604606,1.51961079901369,4.59451860761157,0.326767245832904
2021-11-27T17:19:00.000Z,13.950261,-140.0005,15,6,2,568.531306684037,2.37354677054199,148.183257882211,3.69585010750484,0.35552,1.69777333333333,0.535213333333333,0.822403333333333,0.0103822585708097,0.586723994055965,0.0298246206611607,0.0903702604297893,5.91495932197308,1.38675219273417,4.41994335077668,0.333416441306441
2021-11-27T17:19:00.000Z,13.950261,-140.0005,25,6,2,582.233219739381,2.33379910941385,150.647951375368,3.66902928250314,0.362073333333333,1.72001333333333,0.527823333333333,0.80767,0.0108972164564131,0.608801832042417,0.0287744136134625,0.0862445038150451,6.38115733874292,1.41821027830692,4.3346397169401,0.315706658547247
2021-11-27T17:19:00.000Z,13.950261,-140.0005,45,6,2,647.17969708259,1.85982394973899,194.035286869208,2.74645560951627,0.36193,1.77031666666667,0.477816666666667,0.78329,0.0108772225504822,0.653137614320747,0.0222579195208119,0.0797253159716379,7.05269604639229,1.21432619472892,4.31855214854657,0.218731569622636
2021-11-27T17:19:00.000Z,13.950261,-140.0005,75,6,2,496.329595033468,3.2525489490298,114.319759906494,0.339924694189771,0.34515,1.71205333333333,0.589843333333333,0.994873333333333,0.0096174918560927,0.601791950370694,0.0383273050841485,0.147661655011006,4.77412720258936,1.96611234722036,4.37998695206715,0.0503427320981868
2021-11-27T17:19:00.000Z,13.950261,-140.0005,85,6,2,509.392317557127,4.57522611911602,98.5106717645398,0.03981162018818,0.356596666666667,1.70171333333333,0.63891,0.948333333333333,0.0104845474631425,0.593735497142421,0.0471046325511775,0.131950942712943,5.34190059382461,2.72745302162911,4.64167566642744,0.00565961908293658
2021-11-27T17:19:00.000Z,13.950261,-140.0005,95,6,2,357.882837793691,3.25152363700542,43.3617055770162,0.0358088693965259,0.37165,1.66493,0.709133333333333,1.02188666666667,0.0116800377055911,0.558679772491777,0.0616447608213126,0.15825401793646,4.20259153826873,1.82104810583248,2.67309203890951,0.00571977762342633
2021-11-27T17:19:00.000Z,13.950261,-140.0005,100,6,2,310.263102322661,2.59940021291789,34.5214816413524,0.0163881160755923,0.366816666666667,1.62936666666667,0.717493333333333,0.97255,0.0112616382718992,0.528041619313291,0.0635323153168868,0.146163185369568,3.50579890910015,1.38165465171509,2.193648150238,0.00242717503711507
2021-11-27T17:19:00.000Z,13.950261,-140.0005,125,6,2,174.638873828261,0.562824243346415,12.3217740913444,0.015157915554705,0.376723333333333,1.74863333333333,0.81757,0.97519,0.0120537238662809,0.634023688858256,0.0889890125798035,0.145085284658153,2.10501367424114,0.360874930718664,1.09607206972337,0.00214527864950008
2021-11-27T17:19:00.000Z,13.950261,-140.0005,150,6,2,134.32775056339,0.0980838275516966,5.17226835120696,0.0296577031381844,0.38258,1.80461,0.92443,0.95852,0.01254328905273,0.688425327369476,0.122181358556377,0.145373865764541,1.68644562490377,0.0667868254097541,0.631057457874191,0.0048073210967368
2021-11-27T17:19:00.000Z,13.950261,-140.0005,200,6,2,145.359370761206,0.00933826854457566,0.00955717986263398,0.00955717986263398,0.391536666666667,2.647655,0.642783333333333,1.02450333333333,0.0133172217411344,2.03963749882579,0.0518520320939569,0.169104366862619,1.93777944378966,0.0183051353640005,0.000484811476699808,0.00159269414777211
2021-11-28T23:35:00.000Z,10.7007,-139.9942,5,7,5,444.178034899826,1.71279651691752,134.381398489055,2.60786818956951,0.368173333333333,1.99116,0.628503333333333,0.88284,0.0114216792367125,0.886002658479092,0.0451456169448246,0.108482145703071,5.09040586432924,1.51412102627169,6.06672562354984,0.282894179473471
2021-11-28T23:35:00.000Z,10.7007,-139.9942,15,7,5,440.988884489863,1.88463385226592,134.600781226862,2.72318131267834,0.361146666666667,1.82537333333333,0.628043333333333,0.879776666666667,0.0108147804230777,0.70725917022487,0.0450606941689224,0.107515167506381,4.77135807897837,1.32973232330771,6.0650091709282,0.292674240299519
2021-11-28T23:35:00.000Z,10.7007,-139.9942,25,7,5,692.609983895796,3.27823548863916,186.748283954809,12.7205695642117,0.367323333333333,1.78236666666667,0.62303,0.819523333333333,0.0112932617852745,0.665427841179076,0.044137973939851,0.0895306191833354,7.82192596340546,2.18481045320412,8.24289750134754,1.138932320278
2021-11-28T23:35:00.000Z,10.7007,-139.9942,45,7,5,782.058883507062,13.6836398577121,165.013146160959,8.89297807437535,0.373096666666667,1.51378666666667,0.592463333333333,0.835246666666667,0.0117567027624014,0.436093439307843,0.0387689685702964,0.0940433820688061,9.19505676577633,5.96454210078108,6.39570511884035,0.836670895949648
2021-11-28T23:35:00.000Z,10.7007,-139.9942,65,7,5,342.847104316434,3.48195405937798,112.58764380938,0.575171153151525,0.371693333333333,1.50968666666667,0.640906666666667,0.810503333333333,0.0116565360995087,0.433241175025074,0.0474805569175571,0.087016198167616,3.99871377420646,1.50733623838223,5.34620397101276,0.0500689607913591
2021-11-28T23:35:00.000Z,10.7007,-139.9942,75,7,5,190.074026448465,1.37162767402413,47.2909838826943,0.105846249367008,0.372683333333333,1.6489,0.73354,0.93613,0.0117254522902818,0.545493130210233,0.0672795481876414,0.126204573671441,2.23029292518643,0.748734474928075,3.18406693658187,0.0134606254507309
2021-11-28T23:35:00.000Z,10.7007,-139.9942,85,7,5,151.892334079106,0.519853790967566,29.9565813674817,0.0260778223548976,0.374426666666667,1.97260333333333,0.80162,0.896623333333333,0.011864970000454,0.8647851378416,0.0845880004563969,0.113202617854126,1.8019674628583,0.451592682042837,2.53442337555272,0.00284640540067967
2021-11-28T23:35:00.000Z,10.7007,-139.9942,100,7,5,147.885929723257,0.282820928929007,24.5004938610854,0.0698964098038388,0.370826666666667,1.98242666666667,0.845813333333333,1.21661,0.0115726943753444,0.894375539568783,0.0971293418238905,0.2489403392692,1.71149074898749,0.258925730223462,2.37971666475805,0.0179306929474416
2021-11-28T23:35:00.000Z,10.7007,-139.9942,125,7,5,157.304836484947,0.123419508008911,1.76106812822082,0.0133380136860292,0.391603333333333,2.03499333333333,0.92422,0.996796666666667,0.0133215277132128,0.937488585411368,0.122113687940231,0.153598170029497,2.09579226817311,0.114751214106833,0.214967423662393,0.00200491038702989
2021-11-28T23:35:00.000Z,10.7007,-139.9942,150,7,5,133.635046220481,0.0308329879899504,0.0287470101215477,0.0320538780467078,0.391163333333333,2.01977666666667,0.63305,0.862703333333333,0.0132818585179418,1.04082475307433,0.0464166893242151,0.104731758373774,1.77486502251924,0.0535794733047937,0.00146630411029149,0.00389413184328427
2021-11-28T23:35:00.000Z,10.7007,-139.9942,200,7,5,128.530951894635,0.0132885844087332,0.00996223640620521,0.00996223640620521,0.392453333333333,2.86542,0.566956666666667,0.905686666666667,0.0133968383398264,2.59422607631601,0.0361706905109685,0.115903445055071,1.72164868498718,0.028826367120883,0.000360202520241714,0.00115461829763003
2021-11-30T16:37:00.000Z,8.3979,-139.996,5,8,2,547.402432080844,3.67131833902141,203.485572795013,5.21429342974428,0.366243333333333,1.68942,0.512013333333333,0.794006666666667,0.0112073586353211,0.579022505842767,0.0266034259678543,0.0825145932839595,6.13514335390986,2.1279773493467,5.41336500059726,0.430357441276837
2021-11-30T16:37:00.000Z,8.3979,-139.996,15,8,2,514.929318216541,3.32292496892818,202.138345741805,5.54411489259499,0.365203333333333,1.60909,0.50927,0.801333333333333,0.0111260179591299,0.510482293716126,0.0262364262603332,0.0845142862788691,5.73135330419773,1.69562834751622,5.30284987017397,0.468410057537796
2021-11-30T16:37:00.000Z,8.3979,-139.996,25,8,2,510.885659925817,3.28928685996169,202.276532811071,5.20569144427163,0.36291,1.60288,0.5102,0.799463333333333,0.0109502617237593,0.505729311358003,0.0263603098764627,0.0839871562918765,5.59406047519492,1.66378243323213,5.33156768393493,0.437156510835501
2021-11-30T16:37:00.000Z,8.3979,-139.996,45,8,2,547.844223178988,4.43335730836021,206.705034467121,6.53535720574828,0.360693333333333,1.63511333333333,0.516483333333333,0.810936666666667,0.0107816314213483,0.532152075222958,0.0272064052918243,0.0871500271928093,5.91382785915098,2.36611084170463,5.62412462616933,0.569236013087168
2021-11-30T16:37:00.000Z,8.3979,-139.996,60,8,2,604.728891222198,6.11494096704929,182.529573146135,4.40027210683319,0.358686666666667,1.5573,0.546313333333333,0.878816666666667,0.0106211505044551,0.469211511406633,0.0314472525510213,0.107228621443065,6.42607506840815,2.87144675894069,5.74023449210842,0.472098395018085
2021-11-30T16:37:00.000Z,8.3979,-139.996,75,8,2,578.756966982906,6.67623129613424,119.250731064648,2.74382697963502,0.358946666666667,1.64031333333333,0.579143333333333,0.918773333333333,0.0106408159900149,0.537007295424798,0.0365577806144186,0.120248515451694,6.15976521854349,3.59657651871427,4.35958464780382,0.32985531770718
2021-11-30T16:37:00.000Z,8.3979,-139.996,80,8,2,551.055317794866,5.94016084536187,105.1798023005,3.03083311321338,0.357303333333333,1.59783666666667,0.58484,0.90854,0.0105154835308048,0.501322499170075,0.037492316930836,0.116851251306211,5.79657830395446,2.97938812450027,3.94332882329881,0.353528078214867
2021-11-30T16:37:00.000Z,8.3979,-139.996,85,8,2,487.920694015238,5.22477137148423,94.3341944977077,0.707189439342174,0.357863333333333,1.52274666666667,0.598166666666667,0.9519,0.0105614950292344,0.442912733102375,0.0397375549922777,0.131749630201225,5.15921145354196,2.31605995697058,3.74833507056431,0.0931674253618807
2021-11-30T16:37:00.000Z,8.3979,-139.996,100,8,2,347.025808983539,2.7350316113407,40.5139532708537,0.0257252497304168,0.355363333333333,1.59470333333333,0.672276666666667,0.987233333333333,0.010368501441029,0.499037446868451,0.0537101241112644,0.146885289477041,3.59818610874088,1.36505059346872,2.1760617723254,0.00409203476375455
2021-11-30T16:37:00.000Z,8.3979,-139.996,125,8,2,172.889307081598,0.674500688065135,19.2861142875337,0.0100170385983545,0.36558,1.7418,0.77257,1.03319,0.0111553815025769,0.627778045848401,0.07689117908409,0.163729604380248,1.9284468092795,0.421785142121974,1.48287709899632,0.00164004648927257
2021-11-30T16:37:00.000Z,8.3979,-139.996,150,8,2,127.181353292552,0.28776997386778,9.9335308615622,0.0231729803309213,0.378906666666667,1.79349666666667,0.853296666666667,0.87042,0.0122350736980532,0.678017709713015,0.0993640036584044,0.104924302676964,1.55604878092338,0.19178425031008,0.986559430355234,0.00242579604377095
2021-11-30T16:37:00.000Z,8.3979,-139.996,200,8,2,117.554747960564,0.0228507609146223,0.0125139280187343,0.0629251266189092,0.389943333333333,2.59289666666667,0.658923333333333,0.985086666666667,0.0131765973301553,1.84055795799298,0.0532395055646866,0.150715833312711,1.54899164087199,0.0488976310996298,0.00067812098384897,0.00701480766698483
2021-12-01T23:35:00.000Z,4.7687,-139.988,5,9,5,555.750208983627,7.64148797792407,129.33304230315,7.37308555704403,0.38609,1.68842,0.591246666666667,0.81763,0.0128453069889351,0.579608970376528,0.0385612551110023,0.0890037594617666,7.14108109045501,4.47702869823325,4.98834796210439,0.655977344519832
2021-12-01T23:35:00.000Z,4.7687,-139.988,15,9,5,546.478241336869,7.7701168877736,122.694783817781,7.91825800159173,0.384746666666667,1.69125333333333,0.60431,0.82727,0.0127467338659581,0.580464383072438,0.0407998053129319,0.0917557551357956,6.98669304271015,4.51058515048224,5.00489028384266,0.726349657740826
2021-12-01T23:35:00.000Z,4.7687,-139.988,25,9,5,557.687043489936,7.44504734281519,127.486954250286,7.91575491023637,0.381713333333333,1.72425333333333,0.616286666666667,0.8206,0.0124762905646427,0.611148632680784,0.042917217680333,0.08983751894233,6.96478061984059,4.54629038928639,5.4701806717486,0.71111317204233
2021-12-01T23:35:00.000Z,4.7687,-139.988,45,9,5,588.761227827876,6.92529741115134,122.901450593456,7.59783532570077,0.384043333333333,1.65843333333333,0.607033333333333,0.805566666666667,0.0126702332605379,0.551990536577476,0.0412732213853766,0.0856576142483289,7.46040774251035,3.81684528552361,5.0728664262678,0.651058506317775
2021-12-01T23:35:00.000Z,4.7687,-139.988,65,9,5,643.971058980213,6.850594895231,120.875732028861,7.05743438486481,0.379293333333333,1.61414,0.57695,0.811513333333333,0.012268327078365,0.514677602503071,0.0362018916948351,0.0872992993403969,7.90396110705798,3.52852625925323,4.37645357929302,0.616260317775464
2021-12-01T23:35:00.000Z,4.7687,-139.988,75,9,5,662.205250028471,6.37383956696939,117.881885419983,6.28126497040347,0.368643333333333,1.65472,0.569293333333333,0.8095,0.0113992989050217,0.549877678898263,0.0349751990006032,0.0867470334655186,7.54728758532582,3.50775967325619,4.12336823664707,0.545124801022555
2021-12-01T23:35:00.000Z,4.7687,-139.988,80,9,5,717.057163104615,6.22928269374422,110.760361259421,6.06488234606477,0.37329,1.67909666666667,0.568743333333333,0.80866,0.0117796961243799,0.570280630567575,0.0348871693740015,0.0865271646658182,8.4335809727137,3.55890571784717,3.86382299537017,0.524313177423781
2021-12-01T23:35:00.000Z,4.7687,-139.988,85,9,5,669.322935142124,6.20148749557488,108.288398258729,6.02709522399412,0.367163333333333,1.59835,0.56405,0.821226666666667,0.0112841956980348,0.502488638383138,0.0341510746566114,0.0900231248793405,7.55182093030808,3.11671669011193,3.69660338799279,0.542034719077289
2021-12-01T23:35:00.000Z,4.7687,-139.988,100,9,5,661.044481419029,4.19835475483469,61.9279524934923,3.6310136145613,0.361236666666667,1.68620333333333,0.59303,0.83776,0.0108258020376102,0.576262109369752,0.0388633050268036,0.0947712728087786,7.16743921753256,2.42122976376387,2.40725948268372,0.344240307468005
2021-12-01T23:35:00.000Z,4.7687,-139.988,125,9,5,459.275134803767,1.54225803135592,16.7658149393547,0.844485759004429,0.38732,1.72287,0.68914,0.85006,0.0129763316641808,0.609801103812421,0.0572571836611845,0.0984028505783512,5.97159894007643,0.941405097691187,0.960212338721464,0.0829378534927879
2021-12-01T23:35:00.000Z,4.7687,-139.988,150,9,5,336.176039942938,0.794659547814427,10.7589818304228,0.233031555286734,0.390443333333333,1.69829333333333,0.77288,0.930943333333333,0.0132263904584469,0.587083585661713,0.0769843647237827,0.124406532418406,4.45151558940482,0.464198185447742,0.827910885230351,0.0290075999253871
2021-12-01T23:35:00.000Z,4.7687,-139.988,200,9,5,183.580016021704,0.0853849418551229,0.801741462821303,0.0198256224492188,0.394343333333333,2.04199333333333,0.868673333333333,0.91401,0.0135638175411095,1.00428681763371,0.104047761646707,0.120312508619262,2.4907680655379,0.103952055699532,0.0834703049186455,0.00225735335999273
2021-12-03T17:09:00.000Z,1.1248,-140.005,5,10,2,574.570976059732,8.90578154950607,172.210204272733,8.84874548969736,0.367826666666667,1.54981,0.526106666666667,0.797963333333333,0.0113376285693264,0.464140626241375,0.0285332164454979,0.0835775986887716,6.51406823885771,4.14587667014396,4.91358209984443,0.739552598771002
2021-12-03T17:09:00.000Z,1.1248,-140.005,15,10,2,576.608742503361,8.6842496092191,170.885865067466,8.85421631323143,0.378263333333333,1.59056333333333,0.525613333333333,0.805436666666667,0.0121827338346528,0.495439680962885,0.0284642204796655,0.0856137195853841,7.02592459626485,4.30253962027193,4.86401715830404,0.758063935696199
2021-12-03T17:09:00.000Z,1.1248,-140.005,25,10,2,566.878896615263,8.66132481106635,168.296630912939,8.85510009738791,0.373106666666667,1.54075333333333,0.527886666666667,0.806743333333333,0.0117757272576331,0.456562897187059,0.0287834995674883,0.0859857639825228,6.70169898311642,3.95673307345554,4.8435518076267,0.760967211885392
2021-12-03T17:09:00.000Z,1.1248,-140.005,45,10,2,585.704005580238,8.98165366736334,163.938405977236,8.45633433789842,0.381193333333333,1.61981666666667,0.527806666666667,0.799886666666667,0.0124286069821714,0.519391110970846,0.0287720065326755,0.0841016382772997,7.28205629191889,4.67398618727099,4.71705681891632,0.711185798817892
2021-12-03T17:09:00.000Z,1.1248,-140.005,60,10,2,434.852623298243,7.49037528666485,123.114407635339,4.61058286946616,0.379046666666667,1.55075666666667,0.564033333333333,0.81426,0.0122535254081666,0.46449545549206,0.034146972254669,0.0880529955126711,5.32623453006361,3.48343224007376,4.2061780922004,0.405997875349055
2021-12-03T17:09:00.000Z,1.1248,-140.005,75,10,2,288.110077884032,0.95774453888476,9.78935213070469,0.0881091203447059,0.385163333333333,1.73412,0.7281,0.988783333333333,0.0127628438848846,0.619832713718018,0.0659936804356392,0.146060753688599,3.67671884119609,0.593553270864438,0.64531138066212,0.0122271872883889
2021-12-03T17:09:00.000Z,1.1248,-140.005,85,10,2,290.84651417523,0.746347919979732,6.78979268148171,0.0320251163320957,0.397586666666667,1.65987333333333,0.74484,1.04388,0.0138672109436778,0.554084951434558,0.0699720384746593,0.170877091951448,4.03957389121565,0.410388063151811,0.475066854510226,0.00459361577492038
2021-12-03T17:09:00.000Z,1.1248,-140.005,100,10,2,292.118818020142,1.25955684744182,17.3085837831492,0.0132559646616438,0.388033333333333,1.78345,0.76084,1.07848666666667,0.0130137938687583,0.671287692996602,0.0739124887051773,0.184060212000057,3.81048847571353,0.826719367319427,1.27925204400935,0.00261998756632552
2021-12-03T17:09:00.000Z,1.1248,-140.005,105,10,2,291.287204781531,1.1008173717766,15.4780580949677,0.0197634141788204,0.387583333333333,1.71631,0.76832,0.938763333333333,0.012986003731842,0.602888274300642,0.0758235075157924,0.131699386705816,3.79037221378701,0.663469476162959,1.17276675053109,0.00258377540840738
2021-12-03T17:09:00.000Z,1.1248,-140.005,125,10,2,221.111828742964,0.228001751702146,4.33516121362041,0.0551159513477572,0.385363333333333,2.00697666666667,0.845176666666667,0.854553333333333,0.0127808826524863,0.913320976566008,0.0969461907112339,0.101529478697047,2.82645727924183,0.209073007698706,0.420671178684587,0.00576423722968546
2021-12-03T17:09:00.000Z,1.1248,-140.005,150,10,2,194.282381582352,0.101027240726433,1.67486985712227,0.0639561454834076,0.391233333333333,2.02095333333333,0.882463333333333,0.853716666666667,0.0132887444745908,0.965125757533096,0.108365496817978,0.100767225271226,2.58242601035075,0.10355946841437,0.181427584555278,0.00632358111261238
2021-12-03T17:09:00.000Z,1.1248,-140.005,200,10,2,155.995466056832,0.00974321875625213,0.0227908098447474,0.00974321875625213,0.395286666666667,1.67090666666667,0.630506666666667,0.97588,0.013648751222975,0.583597269562435,0.0478875118495736,0.146224217019187,2.12829423183483,0.00567212421481722,0.0014641229657735,0.00142711534233394
2021-12-05T01:24:00.000Z,0.2668,-139.8639,5,11,6,615.786895822218,8.00792779964931,59.5600368386849,5.27923442215835,0.372296666666667,1.73893666666667,0.687893333333333,0.828416666666667,0.0116921715117981,0.623711246789375,0.0569877260459652,0.0920654311698304,7.20027851899253,5.00225659596476,3.39433438854345,0.4862544984313
2021-12-05T01:24:00.000Z,0.2668,-139.8639,15,11,6,611.152873349706,7.44391581791319,57.5247338276169,5.20802993381607,0.370683333333333,1.77865333333333,0.701983333333333,0.8266,0.0115615320115625,0.66153971887154,0.0600480156458505,0.0915510578549678,7.06615722743664,4.91596543771486,3.45452174824097,0.476731461099108
2021-12-05T01:24:00.000Z,0.2668,-139.8639,25,11,6,578.585674595294,8.16039368658321,66.2627698109509,5.59514543994553,0.367563333333333,1.76871666666667,0.715816666666667,0.824886666666667,0.0113123615021536,0.653072393033636,0.0631508154266052,0.0910616608028141,6.54628859138662,5.34139406412776,4.18518143712462,0.51004162279445
2021-12-05T01:24:00.000Z,0.2668,-139.8639,45,11,6,518.08219477607,10.9043396853238,138.283120292416,6.73248384201265,0.366276666666667,1.66275666666667,0.662753333333333,0.797473333333333,0.0112122799668931,0.555811231589793,0.0517703650132577,0.0834514485376965,5.81018218188778,6.05639639372445,7.15877004299564,0.561876582715939
2021-12-05T01:24:00.000Z,0.2668,-139.8639,50,11,6,431.000932523063,9.11212940296939,102.734131673966,4.28547775006911,0.380203333333333,1.66786333333333,0.674373333333333,0.813733333333333,0.012349482894641,0.560342972584515,0.0541441246794936,0.0879086460582471,5.32590020758115,5.10428252826401,5.56292037916214,0.376679969711448
2021-12-05T01:24:00.000Z,0.2668,-139.8639,60,11,6,306.538327757174,4.79843462524259,47.7739073913003,0.383352991719846,0.386536666666667,1.66158333333333,0.77757,0.860896666666667,0.0128994042372166,0.555520845401828,0.0781807497249902,0.101682425101349,3.96259921598035,2.66762928190166,3.73552692626998,0.03910444166693
2021-12-05T01:24:00.000Z,0.2668,-139.8639,75,11,6,359.041694438641,3.53659954940509,27.385786969165,0.41854533832384,0.373303333333333,1.80763333333333,0.78327,0.8897,0.0117747217927855,0.689495357922567,0.0796701213289592,0.110766007779368,4.22946148828298,2.44150130581021,2.18184903449214,0.0460973895359233
2021-12-05T01:24:00.000Z,0.2668,-139.8639,85,11,6,338.06071504805,2.51973878907498,21.3720306000252,0.250291611501413,0.37469,1.81671,0.79282,0.948656666666667,0.0118869838629916,0.698678768813572,0.0821957642773343,0.130865995575524,4.018499822777,1.76034434240403,1.75663686243715,0.0324007514398186
2021-12-05T01:24:00.000Z,0.2668,-139.8639,100,11,6,291.874105777899,0.913515360602208,12.3173818197666,0.0821142394347137,0.381866666666667,1.87084,0.811916666666667,0.918643333333333,0.0124893321338464,0.754416630670815,0.0874110081955895,0.120602800689224,3.64752431657081,0.68884170045918,1.07708515544202,0.00978026271025971
2021-12-05T01:24:00.000Z,0.2668,-139.8639,125,11,6,195.718819212323,0.0289931985379022,0.0942120367974434,0.0449393093686811,0.384286666666667,2.63212333333333,0.8947,0.920073333333333,0.0126876116324762,2.085752888017,0.11418764724873,0.124570436787451,2.48298084684381,0.0677349872909966,0.0120916949359798,0.00524617276758915
2021-12-05T01:24:00.000Z,0.2668,-139.8639,150,11,6,171.839126090269,0.0232462126312244,0.0132512101324738,0.00991954263289021,0.385743333333333,2.24203666666667,0.68038,0.950946666666667,0.0128125158940295,1.3313633687234,0.0574305134579977,0.131651463558641,2.20186441295994,0.0435220378234608,0.000836554178371738,0.00130506167144266
2021-12-05T01:24:00.000Z,0.2668,-139.8639,200,11,6,154.92376792017,0.00963550881243852,0.0229928854236721,0.00963550881243852,0.382666666666667,1.62479,0.608416666666667,0.882883333333333,0.0125509221446447,0.536183938982229,0.0423082888704573,0.111719886946254,1.94432146903269,0.00515311029267394,0.00117967030200648,0.00105718801438985
2021-12-07T05:14:00.000Z,-2.4451,-140.0577,5,12,6,564.984210956238,7.52147520568218,104.723445810081,7.70683610105182,0.364163333333333,1.73390666666667,0.54724,0.77817,0.0110473461861684,0.619239959427458,0.0315848129600032,0.0783383543989386,6.24402322817533,4.66886118067215,3.30723792710312,0.603764143606841
2021-12-07T05:14:00.000Z,-2.4451,-140.0577,15,12,6,553.308398011114,6.95337501423669,103.413890241361,7.59989105370375,0.364626666666667,1.68244333333333,0.55042,0.786253333333333,0.0110806164039392,0.572948082440639,0.0320617385334075,0.0804739806934817,6.13149806165897,3.98544555990202,3.31628702972536,0.611833204590375
2021-12-07T05:14:00.000Z,-2.4451,-140.0577,25,12,6,567.037965194307,7.17612139545347,106.283082282831,7.47534308958389,0.36427,1.69299666666667,0.550186666666667,0.785843333333333,0.0110525890658447,0.582130748140975,0.0320264537093872,0.0803543306186053,6.26784481350656,4.18102195781344,3.40411667342395,0.600765435166662
2021-12-07T05:14:00.000Z,-2.4451,-140.0577,45,12,6,555.242059041387,7.06785071321018,105.473026292863,7.59605281114358,0.364206666666667,1.73342,0.545346666666667,0.78102,0.0110482849360857,0.618985370651992,0.0313048438610402,0.0791398504363643,6.13559030934073,4.37895255222991,3.30198474402817,0.601515858138384
2021-12-07T05:14:00.000Z,-2.4451,-140.0577,60,12,6,557.432775985656,7.10208374900632,103.59574160054,7.42511860089237,0.363453333333333,1.69324666666667,0.545033333333333,0.780356666666667,0.0109894862052546,0.582266435046884,0.0312570637403266,0.0789131710112306,6.12629945515617,4.13096618570824,3.23827862144489,0.586058384709323
2021-12-07T05:14:00.000Z,-2.4451,-140.0577,75,12,6,545.763982987495,7.02544121144028,99.7630696801537,6.37624036656171,0.360866666666667,1.66248666666667,0.536393333333333,0.78223,0.0107884961865437,0.555531203593759,0.029995112490597,0.079398800649114,5.88922039881032,3.90282278607052,2.99254816254061,0.506174375861006
2021-12-07T05:14:00.000Z,-2.4451,-140.0577,85,12,6,488.885222878627,5.63943576990767,103.614499616086,4.86435885605767,0.361086666666667,1.67476666666667,0.555526666666667,0.80913,0.0108099007306108,0.566507752703763,0.0328344248614251,0.0866315249245762,5.28861131832427,3.20687386979874,3.40248463031903,0.421423684202772
2021-12-07T05:14:00.000Z,-2.4451,-140.0577,90,12,6,429.870203901024,5.17850757681709,109.785624963812,3.89743641800915,0.36665,1.74221333333333,0.603316666666667,0.837156666666667,0.0112416979449798,0.627945869648343,0.040624356142009,0.094584941023789,4.83415894839905,3.24287071324749,4.46029313806763,0.368630788326399
2021-12-07T05:14:00.000Z,-2.4451,-140.0577,100,12,6,352.358491072646,3.04766336928804,45.6357939507027,1.25712514247882,0.37258,1.73395,0.648186666666667,0.882586666666667,0.011725564103012,0.619028701389213,0.0488833762636843,0.108409693366272,4.13189267719963,1.88440916101004,2.23098409151323,0.13621355641394
2021-12-07T05:14:00.000Z,-2.4451,-140.0577,125,12,6,269.092375121766,0.720234867883747,11.3167503103652,0.0519888539522091,0.37457,1.81608,0.8039,0.907223333333333,0.0118989020316472,0.699589147365857,0.0852004160688509,0.116791477032734,3.21083234301865,0.501233461114468,0.964566818548591,0.0057010487425731
2021-12-07T05:14:00.000Z,-2.4451,-140.0577,150,12,6,210.489763939913,0.37587948212283,7.05480995628194,0.0489594376884443,0.37434,1.92197333333333,0.823963333333333,0.84652,0.0118590272081932,0.824236592996607,0.0908048332868571,0.0981951568898763,2.49630801908185,0.316550865426527,0.640637969725509,0.00498118902946683
2021-12-07T05:14:00.000Z,-2.4451,-140.0577,200,12,6,171.390904307034,0.0295045836186032,0.211292604465109,0.0182604831719794,0.387323333333333,1.71845666666667,0.75481,0.927156666666667,0.0129486697220694,0.607318271330849,0.0786251326084,0.124560106102272,2.21954305634039,0.0170704169650815,0.021416477224345,0.00229026764877369
2021-12-08T15:05:00.000Z,0.1232,-141.9195,5,13,3,858.064472113067,12.7982338258325,193.134175810295,12.3331315030966,0.365196666666667,1.56282,0.557876666666667,0.819153333333333,0.0111364954639567,0.473659227038265,0.033193275505421,0.0894524934254061,9.58457014570339,6.06449044190093,6.41069868498755,1.1031797623061
2021-12-08T15:05:00.000Z,0.1232,-141.9195,15,13,3,852.114788634338,12.8068591588143,206.709867207041,12.8239410477454,0.362096666666667,1.56628,0.553783333333333,0.812136666666667,0.0108939322924717,0.476526480434021,0.0325707704102759,0.0875249299567114,9.33324088483455,6.1197140263807,6.72012964962326,1.12062206015074
2021-12-08T15:05:00.000Z,0.1232,-141.9195,25,13,3,820.90210152614,13.1120586859401,176.064361889537,11.7797999430402,0.362493333333333,1.56740333333333,0.557383333333333,0.818643333333333,0.01092688378932,0.477080199753162,0.0331175819164012,0.0893365940162832,9.0058450499801,6.25636995410524,5.82992437259821,1.05000131588252
2021-12-08T15:05:00.000Z,0.1232,-141.9195,45,13,3,739.404309864585,13.957940002051,139.552635585664,8.47407947452829,0.369066666666667,1.61699,0.586986666666667,0.826923333333333,0.0114335025525671,0.517369560666932,0.0378516924267535,0.091667707854949,8.4627978093774,7.21290248992968,5.27240932058168,0.775710675634813
2021-12-08T15:05:00.000Z,0.1232,-141.9195,60,13,3,595.504368677415,11.453056624205,91.3627072572392,6.18436006391366,0.376716666666667,1.60761,0.614103333333333,0.831603333333333,0.0120574203973611,0.509297745564999,0.0425264254142915,0.093007034989596,7.1718633389062,5.83159127253065,3.8825713320813,0.573916937229523
2021-12-08T15:05:00.000Z,0.1232,-141.9195,75,13,3,404.850059070049,6.49146295641913,47.9079572551455,2.15328591798901,0.37251,1.67807333333333,0.668153333333333,0.862103333333333,0.0117101566267984,0.568985495396082,0.0528651335442692,0.1020527686067,4.73792280176596,3.69910230394292,2.53165349188598,0.219360198536679
2021-12-08T15:05:00.000Z,0.1232,-141.9195,85,13,3,290.910943567831,1.81564556154806,20.3401419734656,0.446718401384194,0.3863,1.80826333333333,0.734993333333333,0.950583333333333,0.012874233490766,0.695166671299452,0.0676160248519964,0.131403981843229,3.73435851606795,1.2378136597945,1.37189428193842,0.058487016464994
2021-12-08T15:05:00.000Z,0.1232,-141.9195,100,13,3,220.400439608438,0.130014759566526,1.04009984843085,0.0366843653750348,0.39514,2.25313,0.806716666666667,0.927966666666667,0.0136343261441413,1.24580911005601,0.0860126928783097,0.125824257363583,3.00464709776353,0.159687656920407,0.0893196048723311,0.00402008191504296
2021-12-08T15:05:00.000Z,0.1232,-141.9195,125,13,3,176.89774069584,0.0426123624647286,0.0231654219271956,0.0494201545742085,0.39684,2.73950666666667,0.629266666666667,0.896293333333333,0.0137913829971945,2.07672402355275,0.0481142060802394,0.116168043959053,2.4440220422488,0.0688837605351686,0.00151811297391401,0.00593456903069987
2021-12-08T15:05:00.000Z,0.1232,-141.9195,150,13,3,149.915066603792,0.016089230207209,0.0129451693381906,0.0098011084691722,0.39552,2.52233,0.608586666666667,0.965746666666667,0.0136719827968698,2.83379254207015,0.0421907611151165,0.140434032524114,2.05286202598297,0.0748292128176471,0.000582547037782266,0.0013729865820654
2021-12-08T15:05:00.000Z,0.1232,-141.9195,200,13,3,131.708023577933,0.00935083435478117,0.00935083435478117,0.00935083435478117,0.398916666666667,1.72758333333333,0.67556,0.99228,0.0139786010561163,0.619342512598934,0.0645509678713304,0.147732813319077,1.84344657129918,0.00571603465870461,0.000623404125189583,0.00140080751799187
2021-12-09T16:59:00.000Z,3.5271,-144.4492,5,14,2,555.159957046477,7.66103003058489,116.231070821683,5.71284795872453,0.37098,1.57590333333333,0.531796666666667,0.81769,0.0115950695366367,0.484182058377607,0.0293358673782224,0.0890216573323047,6.4373353802409,3.71161781140256,3.40983360903663,0.508275019427246
2021-12-09T16:59:00.000Z,3.5271,-144.4492,15,14,2,539.154736912468,7.92331354936563,118.469327952344,5.99117144587318,0.362066666666667,1.58456,0.530506666666667,0.82933,0.0108929105211418,0.490621283644677,0.0291529357503881,0.092327085854784,5.87584608826783,3.88825267437123,3.45319127802349,0.552484934807744
2021-12-09T16:59:00.000Z,3.5271,-144.4492,25,14,2,532.865686595101,8.11047927380573,115.353868517953,6.09732818706125,0.374066666666667,1.55377333333333,0.531053333333333,0.81008,0.0118628065075173,0.466496461244233,0.0292304815308228,0.0868994369750791,6.32567147326466,3.78552905898102,3.37144312808949,0.530172137389206
2021-12-09T16:59:00.000Z,3.5271,-144.4492,45,14,2,542.310531992097,7.1382894522755,109.001391531048,5.75371518879459,0.37401,1.60546,0.530116666666667,0.812146666666667,0.0118689708215576,0.509318100379217,0.0290983941304657,0.087477388505319,6.47303154065531,3.64858232744528,3.17302175576088,0.504106964533633
2021-12-09T16:59:00.000Z,3.5271,-144.4492,60,14,2,543.750050661494,6.55092209039653,90.9896524597897,4.96184459533015,0.35509,1.57925333333333,0.540783333333333,0.820856666666667,0.0103487496897849,0.48673650971355,0.0306326028259523,0.0899177710336188,5.62834390495705,3.18868751995372,2.78711960473745,0.446115058902189
2021-12-09T16:59:00.000Z,3.5271,-144.4492,75,14,2,480.409863368447,5.67148467014107,80.1802854048383,3.96932794101557,0.36096,1.61033,0.549146666666667,0.825716666666667,0.0108303027159081,0.512151893837267,0.0318700111599072,0.0912871466247519,5.19401394794739,2.91891392375069,2.55683806449999,0.362328002626149
2021-12-09T16:59:00.000Z,3.5271,-144.4492,85,14,2,483.786979540592,4.39337344092426,59.9104970563847,3.00933882025575,0.365006666666667,1.67305,0.572676666666667,0.854953333333333,0.0111309998740453,0.565519532547065,0.0355163487513386,0.0998641721642661,5.41209055923505,2.48647507727462,2.12779489112438,0.300550556256571
2021-12-09T16:59:00.000Z,3.5271,-144.4492,100,14,2,475.68153418671,2.64878788769358,33.6634827326156,1.90809131463245,0.37281,1.69444333333333,0.620926666666667,0.880473333333333,0.0117464748152444,0.58346805973048,0.0437543191352757,0.107740065704568,5.60992885643573,1.54959521754954,1.47294907980776,0.205372599078959
2021-12-09T16:59:00.000Z,3.5271,-144.4492,125,14,2,317.293282850238,0.676280647997756,5.5504841813421,0.206571185181933,0.360006666666667,1.84518,0.782133333333333,0.945373333333333,0.0107226577849146,0.73068104602553,0.0793765240738884,0.129948916775921,3.4010048454957,0.491742907924529,0.440182909887352,0.0266180298444727
2021-12-09T16:59:00.000Z,3.5271,-144.4492,150,14,2,197.372621927098,0.407053015638813,7.87146291277268,0.0200230347522116,0.378833333333333,1.85663333333333,0.808096666666667,0.942263333333333,0.0122324057715327,0.741304942254983,0.0863663903727715,0.129107512571358,2.41254920125433,0.304385032703573,0.678656025440784,0.00269662425110055
2021-12-09T16:59:00.000Z,3.5271,-144.4492,200,14,2,140.900301206877,0.00996168958716172,0.00996168958716172,0.016566927540859,0.4001,3.09553,0.682336666666667,0.90379,0.0140789939497749,3.89970253653744,0.062359174359646,0.116602158185683,1.9838141081304,0.0390023210444238,0.000620092328540067,0.00206869762312564
2021-12-10T17:04:00.000Z,6.4996,-146.6514,5,15,2,693.645883611016,8.58549686622922,175.110060089471,8.25835217279996,0.366556666666667,1.56814,0.511133333333333,0.803646666666667,0.0112329546896669,0.47777905293024,0.0264849812528698,0.0851335282526055,7.79173461377393,4.10216985151118,4.63774886315185,0.703324260479911
2021-12-10T17:04:00.000Z,6.4996,-146.6514,15,15,2,698.580495111324,9.22762425799987,180.076050872501,8.12110960088556,0.364843333333333,1.58687666666667,0.510683333333333,0.807306666666667,0.0110971782439707,0.492529031147708,0.026425847509567,0.0861783073223837,7.7520057510415,4.54546254887996,4.75948207786929,0.69975670441165
2021-12-10T17:04:00.000Z,6.4996,-146.6514,25,15,2,698.175330734401,8.49380649303429,180.488303367938,8.57380429821913,0.364136666666667,1.55621666666667,0.509533333333333,0.802286666666667,0.0110453350168052,0.468637981899168,0.0262716638571843,0.084757592968776,7.70813487834795,3.98477082939845,4.74163574285754,0.726850403022086
2021-12-10T17:04:00.000Z,6.4996,-146.6514,45,15,2,697.802849281202,9.08937605884732,181.618790502092,8.2424339628973,0.364413333333333,1.5816,0.508476666666667,0.790196666666667,0.0110644939933585,0.488716474797178,0.026131465172612,0.0815236739775484,7.71994484548729,4.4514713310433,4.74636702842787,0.672621559795526
2021-12-10T17:04:00.000Z,6.4996,-146.6514,60,15,2,680.477083334264,8.04389969620936,176.250899718307,8.34164289191102,0.36388,1.50137666666667,0.505543333333333,0.790096666666667,0.0110221637239406,0.427238227939762,0.025743780059136,0.0814797533528991,7.50005317519134,3.44278086090392,4.53737822361358,0.679622722300662
2021-12-10T17:04:00.000Z,6.4996,-146.6514,75,15,2,644.817622276695,5.98178577990197,124.698334678863,6.33127119372743,0.361696666666667,1.62172,0.533773333333333,0.800783333333333,0.0108522648984732,0.521176202598738,0.0296186796682031,0.0843434783617586,6.99878009176682,3.11717103852812,3.69338145519638,0.534001848965875
2021-12-10T17:04:00.000Z,6.4996,-146.6514,85,15,2,549.11200106708,4.62497781177975,118.753306170224,4.29878413441494,0.359643333333333,1.61193333333333,0.542556666666667,0.81438,0.0106938276891063,0.51279340065148,0.0308923845843342,0.0880938643533637,5.8722364306345,2.37176230112667,3.66878684250948,0.378587482534966
2021-12-10T17:04:00.000Z,6.4996,-146.6514,100,15,2,506.456807314611,4.30563735567902,102.473660770589,2.98727345936763,0.363043333333333,1.66024333333333,0.569676666666667,0.828833333333333,0.0109569479491437,0.554061202531076,0.035035205192372,0.0921825658605644,5.54907452140486,2.39322641574101,3.59016895361759,0.275246444608127
2021-12-10T17:04:00.000Z,6.4996,-146.6514,125,15,2,317.4968923736,2.52547214680535,35.4023171500261,0.320505986244061,0.37444,1.65283333333333,0.708093333333333,0.95453,0.0118737392573873,0.547293825442304,0.0614095851184928,0.132703168216317,3.76765669074488,1.3833462324054,2.17442189229359,0.0423729595725446
2021-12-10T17:04:00.000Z,6.4996,-146.6514,150,15,2,260.867343214016,1.0782629546593,7.29246073638555,0.0918702486213252,0.375103333333333,1.78457666666667,0.78906,0.96065,0.0119227185589237,0.668212487720743,0.0812260000880709,0.13680995683215,3.11156787049917,0.717465092443788,0.591867086193968,0.0133760778210233
2021-12-10T17:04:00.000Z,6.4996,-146.6514,200,15,2,143.24251027043,0.0761441567557034,0.627451510098242,0.0131611610974915,0.39144,2.16029,0.909356666666667,1.02658666666667,0.0133066196974222,1.14515912492187,0.117177889140455,0.161395980327506,1.9063830333643,0.0902198477116007,0.0733292727679299,0.00216482637234121
2021-12-11T18:29:00.000Z,9.2497,-148.6967,5,16,2,422.121875924303,1.46784070459449,186.868512434667,1.56342741196179,0.365816666666667,1.75410666666667,0.49517,0.849323333333333,0.011173880939077,0.638387854417015,0.0244040973343126,0.0981741117126137,4.71648884860773,0.93488460056799,4.55919672957672,0.153461823598919
2021-12-11T18:29:00.000Z,9.2497,-148.6967,15,16,2,427.846235358689,1.51969602120192,193.550236144115,1.47288716300814,0.364983333333333,1.77523,0.495773333333333,0.850463333333333,0.0111096319019561,0.660570142195269,0.024480085600979,0.0985624591144783,4.75672557289647,1.00527762395366,4.7379333487961,0.145541783185191
2021-12-11T18:29:00.000Z,9.2497,-148.6967,25,16,2,432.036686657057,1.51320032013357,195.995792873739,1.74570396233486,0.361956666666667,1.8833,0.495626666666667,0.85256,0.0108759490060342,0.770047055199452,0.0244621447669066,0.0991814228510393,4.69769248465468,1.1730498040393,4.79531755948348,0.173623795230286
2021-12-11T18:29:00.000Z,9.2497,-148.6967,45,16,2,419.249474178598,1.53309962828373,193.305569639052,1.71251657373809,0.362143333333333,1.81244333333333,0.491333333333333,0.859706666666667,0.0108870054008869,0.694596662559898,0.0239191017962292,0.101320137076435,4.56541126242504,1.06639300284463,4.62285059762922,0.173355206956261
2021-12-11T18:29:00.000Z,9.2497,-148.6967,60,16,2,536.786297406286,3.63484939587039,238.519909221685,6.60531309733708,0.365216666666667,1.63123333333333,0.522743333333333,0.843003333333333,0.0111317999712238,0.529442161070245,0.0280665089966565,0.0963018017086386,5.97789730918937,1.92404372748163,6.69338147876656,0.635855665960283
2021-12-11T18:29:00.000Z,9.2497,-148.6967,75,16,2,445.103162268001,7.21527475875355,158.54973870568,2.36387535345416,0.360413333333333,1.53035333333333,0.559016666666667,0.90184,0.0107565473368081,0.448885690314981,0.0333690485444935,0.114621454259322,4.78674216000411,3.24524957332457,5.29178811203229,0.271048149107429
2021-12-11T18:29:00.000Z,9.2497,-148.6967,85,16,2,400.030723444909,6.91001422120544,142.823582415316,0.687134234698511,0.36207,1.49909333333333,0.57525,0.932,0.0108828388096317,0.425979846332332,0.0359272738541667,0.124788555714915,4.35372236085136,2.94504723459216,5.13187413178849,0.0857826909641902
2021-12-11T18:29:00.000Z,9.2497,-148.6967,100,16,2,300.806057765149,5.25241753588159,91.7389993518453,0.0299353661026953,0.362896666666667,1.50093,0.636486666666667,0.931323333333333,0.0109590187514399,0.426823756997384,0.0466410772607294,0.124643717139604,3.29988276455858,2.24472477811348,4.2789414142673,0.00363765676596165
2021-12-11T18:29:00.000Z,9.2497,-148.6967,125,16,2,154.335402742485,1.1738563724494,30.0854390530174,0.0132897338394593,0.37114,1.78041,0.765923333333333,0.937203333333333,0.0116021650448638,0.663755300580381,0.075204246522187,0.139078628878789,1.79257159519203,0.779969418490291,2.26384371161962,0.00168656926597007
2021-12-11T18:29:00.000Z,9.2497,-148.6967,150,16,2,131.940903418961,0.234947420826551,2.66815147026651,0.0398917974263489,0.38738,2.35350666666667,0.90281,0.88065,0.0129534605910991,1.36146413033455,0.114983895093914,0.109535747915953,1.70917770715071,0.319781702582963,0.305960099170861,0.00419141593807528
2021-12-11T18:29:00.000Z,9.2497,-148.6967,200,16,2,105.182429442078,0.0133500294558757,0.0133500294558757,0.0300500962561429,0.393826666666667,1.83097666666667,0.80951,0.974933333333333,0.0135188360439391,0.945140014161948,0.102021304594264,0.141369264491046,1.42170742174125,0.0100693396276629,0.00111773149454273,0.00360228548748936
2021-12-12T18:02:00.000Z,11.9193,-150.6951,5,17,2,448.353081997023,1.62388540147709,177.200369882915,1.71973242611375,0.364993333333333,1.74094,0.490123333333333,0.836256666666667,0.0111114970624838,0.625872656287039,0.0237679557376247,0.0943334961474241,4.98185045054457,1.01998469395408,4.21143211017607,0.162130621600376
2021-12-12T18:02:00.000Z,11.9193,-150.6951,15,17,2,442.502612681246,1.66946430282138,179.903812422843,1.53496321140812,0.365193333333333,1.76511666666667,0.489263333333333,0.838073333333333,0.0111260936244124,0.648329837374,0.0236599437521318,0.0948615023199202,4.9250429986373,1.08425042676869,4.25586485821498,0.145661892722034
2021-12-12T18:02:00.000Z,11.9193,-150.6951,25,17,2,453.438267686767,1.63595854030334,177.348267084929,1.67836533465871,0.366473333333333,1.76052333333333,0.487766666666667,0.827533333333333,0.0112285709063608,0.644292507562939,0.0234735791941721,0.091806382199079,5.08430419831592,1.05724772513711,4.1623817952463,0.154097064377305
2021-12-12T18:02:00.000Z,11.9193,-150.6951,45,17,2,491.067581337065,1.75691212171457,178.28967649134,1.982436107266,0.364563333333333,1.69016,0.487793333333333,0.84093,0.0110763869116243,0.580391165871697,0.0234765108797068,0.0957529520782067,5.43661575926425,1.02201325010677,4.1856879526987,0.189801316479834
2021-12-12T18:02:00.000Z,11.9193,-150.6951,60,17,2,710.075790895205,5.27852079759915,157.758103830777,5.85425579146668,0.362106666666667,1.59959333333333,0.534266666666667,0.85707,0.0108891427483827,0.503071098729782,0.0296896563867154,0.100516167639264,7.70304764425373,2.66144214025471,4.6837360268155,0.588914384340438
2021-12-12T18:02:00.000Z,11.9193,-150.6951,70,17,2,621.596196056173,9.03193737585791,128.847775581214,0.987465042859752,0.36632,1.49869,0.58179,0.91961,0.0112165253673364,0.424972033419324,0.0369900901686676,0.1205545871966,6.96374722591656,3.83959603272694,4.76671756323647,0.119010255215205
2021-12-12T18:02:00.000Z,11.9193,-150.6951,75,17,2,517.673555641015,5.69691196991236,92.7466413229243,0.280393915009576,0.35912,1.57093666666667,0.607673333333333,0.940293333333333,0.0106628970940728,0.480029742610174,0.0413854154039943,0.127694929281692,5.51666067633621,2.73806362455166,3.8388885278874,0.0359264346815389
2021-12-12T18:02:00.000Z,11.9193,-150.6951,85,17,2,359.579232708545,4.21460557943034,56.8911561213804,0.00910352423748346,0.363286666666667,1.48134333333333,0.676076666666667,1.08435666666667,0.0109768124227015,0.412391634560683,0.0544980776320153,0.184811615678549,3.9474115173701,1.73785656064228,3.10037055195707,0.00170245716713355
2021-12-12T18:02:00.000Z,11.9193,-150.6951,100,17,2,189.803317947992,1.45256527849272,30.5710539627325,0.0130001599086392,0.390603333333333,1.63223,0.784036666666667,0.776236666666667,0.0132713641674035,0.529758307917225,0.079870836741685,0.0779823052163829,2.52454274070518,0.772872849363553,2.4501656461061,0.00104387666341306
2021-12-12T18:02:00.000Z,11.9193,-150.6951,125,17,2,145.952678546386,0.146265933556565,11.1830382775908,0.00932011942917717,0.379583333333333,1.89697,0.889593333333333,0.98972,0.0122926536703877,0.788889463251939,0.110639100482276,0.16153987220169,1.79520402262423,0.117059824355327,1.23688481211691,0.00152564295749491
2021-12-12T18:02:00.000Z,11.9193,-150.6951,150,17,2,143.229204949369,0.0492198514326908,5.54748720724781,0.0131934213101418,0.39282,2.04785333333333,0.923,0.984783333333333,0.0134296242239277,0.957158018060891,0.121678035575493,0.145399221893043,1.92323407164241,0.0488742746499687,0.675119327183329,0.00182697295447713
2021-12-12T18:02:00.000Z,11.9193,-150.6951,200,17,2,121.384612843361,0.0131628292652756,0.0229065689125523,0.00991491604951677,0.389556666666667,2.56549333333333,0.620003333333333,0.91604,0.0131419566542442,2.71338393772713,0.0447313441827249,0.121018929006029,1.59536629042695,0.028786847256793,0.00110404110164387,0.00120287963018653
2021-12-13T18:12:00.000Z,14.7719,-152.8643,5,18,2,569.774167779983,1.2432140516485,171.865822939559,0.836493323836352,0.36838,1.80350666666667,0.48445,0.83624,0.0113835212550903,0.687218888919375,0.0230637626943673,0.0944506495760072,6.56055370461335,0.858766861914494,3.96498874897433,0.078678973488244
2021-12-13T18:12:00.000Z,14.7719,-152.8643,15,18,2,428.259015789818,1.17130138519554,171.266405360228,0.676206618234894,0.36224,1.89864333333333,0.483293333333333,0.815873333333333,0.0109068705777386,0.782908501764624,0.0229218775899144,0.0885449106152527,4.67639062589292,0.910344773382926,3.92576432561041,0.0600865347915422
2021-12-13T18:12:00.000Z,14.7719,-152.8643,25,18,2,421.950577089038,1.09424270732496,167.648046236846,0.76101231844558,0.369326666666667,1.83131333333333,0.48246,0.832913333333333,0.0114560298217037,0.712861972526264,0.0228199124664172,0.0933677237192981,4.83366059623822,0.780954306597454,3.82559485856892,0.0709939786620947
2021-12-13T18:12:00.000Z,14.7719,-152.8643,45,18,2,434.627439365086,0.840235292743648,183.541169092977,0.616882695563086,0.356876666666667,2.26242333333333,0.48393,0.858653333333333,0.0104889473811392,1.38508784753264,0.0230000361819171,0.101428006196371,4.55826421759999,0.646514930928642,4.2230514383368,0.0572734982066607
2021-12-13T18:12:00.000Z,14.7719,-152.8643,60,18,2,781.296759185016,2.33513345095531,232.762916438409,2.38202505699902,0.359846666666667,1.77059,0.480216666666667,0.854653333333333,0.0107136339145776,0.653845203118861,0.0225475358910364,0.0997909969016709,8.35647490097651,1.5367177648613,5.25036996548939,0.23821199694374
2021-12-13T18:12:00.000Z,14.7719,-152.8643,75,18,2,643.456556923942,4.39986855100148,148.807377514521,4.05972796564325,0.367526666666667,1.60632,0.54773,0.87314,0.0113108068642795,0.508393356560811,0.0316585968755982,0.105441644446808,7.2767082124821,2.23826274568561,4.71223408162459,0.428396063152796
2021-12-13T18:12:00.000Z,14.7719,-152.8643,85,18,2,464.044120203468,1.17400318282891,147.723449782791,0.539305168346538,0.36439,1.73629666666667,0.517923333333333,0.947223333333333,0.0110620678293268,0.622604694969455,0.0274041763996537,0.130188067544264,5.13219222914368,0.727932515489615,4.0496487675538,0.0704307988340175
2021-12-13T18:12:00.000Z,14.7719,-152.8643,100,18,2,420.784260924414,2.25161114734328,69.2054443787386,0.189864862896104,0.364353333333333,1.74939333333333,0.65137,1.12209666666667,0.0110627134901087,0.63620955006627,0.0495058840038649,0.201498947198476,4.66990219299241,1.44405792254712,3.42589409269899,0.0381922079721802
2021-12-13T18:12:00.000Z,14.7719,-152.8643,105,18,2,336.619231638435,2.67845893426733,58.3744339104707,0.0124512681364538,0.371456666666667,1.60191333333333,0.67253,0.8674,0.0116341963325474,0.504965925433566,0.0537687311582061,0.111703466590468,3.91597473249547,1.35256777228795,3.13622656279104,0.00160275718686753
2021-12-13T18:12:00.000Z,14.7719,-152.8643,125,18,2,264.235321849925,1.11976563959725,29.3269350078574,0.00964221446047831,0.367636666666667,1.67244666666667,0.752506666666667,0.68126,0.0113362544204674,0.564106780001102,0.0718435392319089,0.055626581161212,3.02384088598465,0.631019948674086,2.10711265281798,0.000536190238387885
2021-12-13T18:12:00.000Z,14.7719,-152.8643,150,18,2,142.037562146556,0.374427094941571,5.97216745779976,0.0232756543467426,0.396303333333333,1.82336666666667,0.83842,0.899616666666667,0.0137683182713525,0.706007602255203,0.0949842175212309,0.124393126722264,1.9487282795197,0.265625504829326,0.567726786284318,0.00228772604334213
2021-12-13T18:12:00.000Z,14.7719,-152.8643,200,18,2,117.484794511381,0.0937668840258444,0.907278214820265,0.0221353537653181,0.389743333333333,1.84669333333333,0.85445,0.806963333333333,0.0131723494158918,0.735740663745406,0.100096936345805,0.0869578286324702,1.55514058034339,0.0738985214581622,0.0902370553724675,0.00165360470433015

